[{"model": "admin.logentry", "pk": 1, "fields": {"action_time": "2023-07-27T21:59:09.645Z", "user": 4, "content_type": 7, "object_id": "1", "object_repr": "iarndiu@gmail.com", "action_flag": 1, "change_message": "[{\"added\": {}}]"}}, {"model": "admin.logentry", "pk": 2, "fields": {"action_time": "2023-07-27T22:01:45.590Z", "user": 4, "content_type": 7, "object_id": "1", "object_repr": "iarndiu@gmail.com", "action_flag": 2, "change_message": "[{\"changed\": {\"fields\": [\"Profile picture\", \"Cover photo\"]}}]"}}, {"model": "admin.logentry", "pk": 3, "fields": {"action_time": "2023-07-27T22:04:35.580Z", "user": 4, "content_type": 7, "object_id": "1", "object_repr": "iarndiu@gmail.com", "action_flag": 2, "change_message": "[{\"changed\": {\"fields\": [\"Profile picture\", \"Cover photo\"]}}]"}}, {"model": "admin.logentry", "pk": 4, "fields": {"action_time": "2023-07-27T22:08:07.552Z", "user": 4, "content_type": 7, "object_id": "1", "object_repr": "iarndiu@gmail.com", "action_flag": 2, "change_message": "[{\"changed\": {\"fields\": [\"Profile picture\", \"Cover photo\"]}}]"}}, {"model": "admin.logentry", "pk": 5, "fields": {"action_time": "2023-07-27T22:14:02.028Z", "user": 4, "content_type": 6, "object_id": "5", "object_repr": "", "action_flag": 1, "change_message": "[{\"added\": {}}]"}}, {"model": "admin.logentry", "pk": 6, "fields": {"action_time": "2023-07-27T22:15:30.669Z", "user": 4, "content_type": 6, "object_id": "5", "object_repr": "djui@gmail.com", "action_flag": 2, "change_message": "[{\"changed\": {\"fields\": [\"First name\", \"Last name\", \"Email\"]}}]"}}, {"model": "admin.logentry", "pk": 7, "fields": {"action_time": "2023-07-27T22:16:53.596Z", "user": 4, "content_type": 6, "object_id": "5", "object_repr": "djui@gmail.com", "action_flag": 3, "change_message": ""}}, {"model": "admin.logentry", "pk": 8, "fields": {"action_time": "2023-07-27T22:17:08.021Z", "user": 4, "content_type": 6, "object_id": "6", "object_repr": "", "action_flag": 1, "change_message": "[{\"added\": {}}]"}}, {"model": "admin.logentry", "pk": 9, "fields": {"action_time": "2023-07-27T22:17:32.376Z", "user": 4, "content_type": 6, "object_id": "6", "object_repr": "enwifG@gmail.com", "action_flag": 2, "change_message": "[{\"changed\": {\"fields\": [\"First name\", \"Last name\", \"Email\"]}}]"}}, {"model": "admin.logentry", "pk": 10, "fields": {"action_time": "2023-07-27T22:40:08.551Z", "user": 4, "content_type": 6, "object_id": "7", "object_repr": "", "action_flag": 1, "change_message": "[{\"added\": {}}]"}}, {"model": "admin.logentry", "pk": 11, "fields": {"action_time": "2023-07-27T22:41:38.240Z", "user": 4, "content_type": 6, "object_id": "7", "object_repr": "", "action_flag": 3, "change_message": ""}}, {"model": "admin.logentry", "pk": 12, "fields": {"action_time": "2023-07-29T00:43:04.325Z", "user": 4, "content_type": 6, "object_id": "14", "object_repr": "983nfqi@gmail.com", "action_flag": 3, "change_message": ""}}, {"model": "admin.logentry", "pk": 13, "fields": {"action_time": "2023-07-29T01:56:52.367Z", "user": 4, "content_type": 6, "object_id": "12", "object_repr": "d028ju@gmail.com", "action_flag": 3, "change_message": ""}}, {"model": "admin.logentry", "pk": 14, "fields": {"action_time": "2023-07-29T01:56:52.370Z", "user": 4, "content_type": 6, "object_id": "11", "object_repr": "9ut93@gmail.com", "action_flag": 3, "change_message": ""}}, {"model": "admin.logentry", "pk": 15, "fields": {"action_time": "2023-07-29T01:56:52.371Z", "user": 4, "content_type": 6, "object_id": "10", "object_repr": "feig3@gmail.com", "action_flag": 3, "change_message": ""}}, {"model": "admin.logentry", "pk": 16, "fields": {"action_time": "2023-07-29T01:56:52.372Z", "user": 4, "content_type": 6, "object_id": "9", "object_repr": "ni@gmail.com", "action_flag": 3, "change_message": ""}}, {"model": "admin.logentry", "pk": 17, "fields": {"action_time": "2023-07-29T01:56:52.373Z", "user": 4, "content_type": 6, "object_id": "8", "object_repr": "nienf@gmail.com", "action_flag": 3, "change_message": ""}}, {"model": "admin.logentry", "pk": 18, "fields": {"action_time": "2023-07-29T01:56:52.374Z", "user": 4, "content_type": 6, "object_id": "6", "object_repr": "enwifG@gmail.com", "action_flag": 3, "change_message": ""}}, {"model": "admin.logentry", "pk": 19, "fields": {"action_time": "2023-07-29T02:02:30.727Z", "user": 4, "content_type": 6, "object_id": "15", "object_repr": "f94ngs@gmail.com", "action_flag": 2, "change_message": "[{\"changed\": {\"fields\": [\"Is active\"]}}]"}}, {"model": "admin.logentry", "pk": 20, "fields": {"action_time": "2023-07-29T02:18:57.372Z", "user": 4, "content_type": 6, "object_id": "13", "object_repr": "d082r@gmail.com", "action_flag": 2, "change_message": "[{\"changed\": {\"fields\": [\"Is active\"]}}]"}}, {"model": "admin.logentry", "pk": 21, "fields": {"action_time": "2023-07-30T01:36:26.452Z", "user": 4, "content_type": 6, "object_id": "16", "object_repr": "toriz62@outlook.com", "action_flag": 3, "change_message": ""}}, {"model": "admin.logentry", "pk": 22, "fields": {"action_time": "2023-07-30T02:13:40.402Z", "user": 4, "content_type": 6, "object_id": "4", "object_repr": "iarndiu@gmail.com", "action_flag": 2, "change_message": "[{\"changed\": {\"fields\": [\"Is superadmin\"]}}]"}}, {"model": "admin.logentry", "pk": 23, "fields": {"action_time": "2023-08-01T00:47:16.518Z", "user": 4, "content_type": 8, "object_id": "2", "object_repr": "feiug39ghkj", "action_flag": 2, "change_message": "[{\"changed\": {\"fields\": [\"Is approved\"]}}]"}}, {"model": "admin.logentry", "pk": 24, "fields": {"action_time": "2023-08-01T01:31:56.218Z", "user": 4, "content_type": 7, "object_id": "14", "object_repr": "celeste2106@163.com", "action_flag": 2, "change_message": "[{\"changed\": {\"fields\": [\"Profile picture\", \"Cover photo\", \"Address line 1\", \"Address line 2\", \"Country\", \"State\", \"City\", \"Pin code\"]}}]"}}, {"model": "admin.logentry", "pk": 25, "fields": {"action_time": "2023-08-01T19:04:49.622Z", "user": 4, "content_type": 7, "object_id": "14", "object_repr": "celeste2106@163.com", "action_flag": 2, "change_message": "[{\"changed\": {\"fields\": [\"Address\"]}}]"}}, {"model": "admin.logentry", "pk": 26, "fields": {"action_time": "2023-08-03T23:44:29.669Z", "user": 4, "content_type": 10, "object_id": "1", "object_repr": "Burgers", "action_flag": 1, "change_message": "[{\"added\": {}}]"}}, {"model": "admin.logentry", "pk": 27, "fields": {"action_time": "2023-08-03T23:46:17.665Z", "user": 4, "content_type": 10, "object_id": "2", "object_repr": "Pizza", "action_flag": 1, "change_message": "[{\"added\": {}}]"}}, {"model": "admin.logentry", "pk": 28, "fields": {"action_time": "2023-08-03T23:46:28.302Z", "user": 4, "content_type": 10, "object_id": "3", "object_repr": "Sea Food", "action_flag": 1, "change_message": "[{\"added\": {}}]"}}, {"model": "admin.logentry", "pk": 29, "fields": {"action_time": "2023-08-03T23:46:35.163Z", "user": 4, "content_type": 10, "object_id": "4", "object_repr": "Chicken", "action_flag": 1, "change_message": "[{\"added\": {}}]"}}, {"model": "admin.logentry", "pk": 30, "fields": {"action_time": "2023-08-03T23:55:41.661Z", "user": 4, "content_type": 9, "object_id": "1", "object_repr": "Burger 1", "action_flag": 1, "change_message": "[{\"added\": {}}]"}}, {"model": "admin.logentry", "pk": 31, "fields": {"action_time": "2023-08-03T23:57:53.945Z", "user": 4, "content_type": 9, "object_id": "2", "object_repr": "Italian Pizza", "action_flag": 1, "change_message": "[{\"added\": {}}]"}}, {"model": "admin.logentry", "pk": 32, "fields": {"action_time": "2023-08-03T23:58:16.689Z", "user": 4, "content_type": 9, "object_id": "3", "object_repr": "Pizza 1", "action_flag": 1, "change_message": "[{\"added\": {}}]"}}, {"model": "admin.logentry", "pk": 33, "fields": {"action_time": "2023-08-03T23:58:42.450Z", "user": 4, "content_type": 9, "object_id": "4", "object_repr": "Sea Food 1", "action_flag": 1, "change_message": "[{\"added\": {}}]"}}, {"model": "admin.logentry", "pk": 34, "fields": {"action_time": "2023-08-03T23:59:18.238Z", "user": 4, "content_type": 9, "object_id": "5", "object_repr": "Pan-Fried Chicken", "action_flag": 1, "change_message": "[{\"added\": {}}]"}}, {"model": "admin.logentry", "pk": 35, "fields": {"action_time": "2023-08-04T00:00:10.126Z", "user": 4, "content_type": 9, "object_id": "6", "object_repr": "Barbeque Chicken", "action_flag": 1, "change_message": "[{\"added\": {}}]"}}, {"model": "admin.logentry", "pk": 36, "fields": {"action_time": "2023-08-04T00:45:33.911Z", "user": 4, "content_type": 10, "object_id": "5", "object_repr": "Test Blank", "action_flag": 1, "change_message": "[{\"added\": {}}]"}}, {"model": "admin.logentry", "pk": 37, "fields": {"action_time": "2023-08-07T00:00:29.973Z", "user": 4, "content_type": 8, "object_id": "3", "object_repr": "Banda Express", "action_flag": 2, "change_message": "[{\"changed\": {\"fields\": [\"Is approved\"]}}]"}}, {"model": "admin.logentry", "pk": 38, "fields": {"action_time": "2023-08-07T00:33:31.104Z", "user": 4, "content_type": 8, "object_id": "1", "object_repr": "209u flkj2 'r dw", "action_flag": 3, "change_message": ""}}, {"model": "admin.logentry", "pk": 39, "fields": {"action_time": "2023-08-07T00:33:47.620Z", "user": 4, "content_type": 8, "object_id": "2", "object_repr": "Chick-Fil-B", "action_flag": 2, "change_message": "[{\"changed\": {\"fields\": [\"Vendor slug\"]}}]"}}, {"model": "admin.logentry", "pk": 40, "fields": {"action_time": "2023-08-07T00:34:00.070Z", "user": 4, "content_type": 8, "object_id": "3", "object_repr": "Banda Express", "action_flag": 2, "change_message": "[{\"changed\": {\"fields\": [\"Vendor slug\"]}}]"}}, {"model": "admin.logentry", "pk": 41, "fields": {"action_time": "2023-08-07T00:42:53.559Z", "user": 4, "content_type": 6, "object_id": "15", "object_repr": "f94ngs@gmail.com", "action_flag": 2, "change_message": "[{\"changed\": {\"fields\": [\"Role\"]}}]"}}, {"model": "admin.logentry", "pk": 42, "fields": {"action_time": "2023-08-07T00:45:47.440Z", "user": 4, "content_type": 8, "object_id": "4", "object_repr": "dkjhbee", "action_flag": 3, "change_message": ""}}, {"model": "admin.logentry", "pk": 43, "fields": {"action_time": "2023-08-07T00:46:57.814Z", "user": 4, "content_type": 6, "object_id": "20", "object_repr": "srneuig@gmail.com", "action_flag": 3, "change_message": ""}}, {"model": "admin.logentry", "pk": 44, "fields": {"action_time": "2023-08-08T06:22:15.071Z", "user": 4, "content_type": 9, "object_id": "12", "object_repr": "Tuna Fish", "action_flag": 1, "change_message": "[{\"added\": {}}]"}}, {"model": "admin.logentry", "pk": 45, "fields": {"action_time": "2023-08-08T06:26:03.908Z", "user": 4, "content_type": 9, "object_id": "13", "object_repr": "Steam Rice", "action_flag": 1, "change_message": "[{\"added\": {}}]"}}, {"model": "admin.logentry", "pk": 46, "fields": {"action_time": "2023-08-08T06:26:15.881Z", "user": 4, "content_type": 10, "object_id": "5", "object_repr": "Rice", "action_flag": 2, "change_message": "[{\"changed\": {\"fields\": [\"Category name\", \"Description\"]}}]"}}, {"model": "admin.logentry", "pk": 47, "fields": {"action_time": "2023-08-08T06:26:41.068Z", "user": 4, "content_type": 10, "object_id": "5", "object_repr": "Rice", "action_flag": 2, "change_message": "[{\"changed\": {\"fields\": [\"Slug\"]}}]"}}, {"model": "admin.logentry", "pk": 48, "fields": {"action_time": "2023-08-08T06:28:24.932Z", "user": 4, "content_type": 8, "object_id": "3", "object_repr": "Banda Express", "action_flag": 2, "change_message": "[]"}}, {"model": "admin.logentry", "pk": 49, "fields": {"action_time": "2023-08-08T06:28:32.622Z", "user": 4, "content_type": 7, "object_id": "15", "object_repr": "htmdmrys@126.com", "action_flag": 2, "change_message": "[]"}}, {"model": "admin.logentry", "pk": 50, "fields": {"action_time": "2023-08-08T06:30:14.138Z", "user": 4, "content_type": 9, "object_id": "13", "object_repr": "Steam Rice", "action_flag": 3, "change_message": ""}}, {"model": "admin.logentry", "pk": 51, "fields": {"action_time": "2023-08-08T06:30:14.140Z", "user": 4, "content_type": 9, "object_id": "12", "object_repr": "Tuna Fish", "action_flag": 3, "change_message": ""}}, {"model": "admin.logentry", "pk": 52, "fields": {"action_time": "2023-08-08T06:30:22.698Z", "user": 4, "content_type": 10, "object_id": "5", "object_repr": "Rice", "action_flag": 3, "change_message": ""}}, {"model": "admin.logentry", "pk": 53, "fields": {"action_time": "2023-08-08T06:37:25.389Z", "user": 4, "content_type": 9, "object_id": "2", "object_repr": "Italian Pizza", "action_flag": 2, "change_message": "[{\"changed\": {\"fields\": [\"Slug\"]}}]"}}, {"model": "admin.logentry", "pk": 54, "fields": {"action_time": "2023-08-08T06:37:30.540Z", "user": 4, "content_type": 9, "object_id": "3", "object_repr": "Pizza 1", "action_flag": 2, "change_message": "[{\"changed\": {\"fields\": [\"Slug\"]}}]"}}, {"model": "admin.logentry", "pk": 55, "fields": {"action_time": "2023-08-08T06:37:36.581Z", "user": 4, "content_type": 9, "object_id": "4", "object_repr": "Sea Food 1", "action_flag": 2, "change_message": "[{\"changed\": {\"fields\": [\"Slug\"]}}]"}}, {"model": "admin.logentry", "pk": 56, "fields": {"action_time": "2023-08-08T06:37:41.675Z", "user": 4, "content_type": 9, "object_id": "5", "object_repr": "Pan-Fried Chicken", "action_flag": 2, "change_message": "[{\"changed\": {\"fields\": [\"Slug\"]}}]"}}, {"model": "admin.logentry", "pk": 57, "fields": {"action_time": "2023-08-08T06:37:46.769Z", "user": 4, "content_type": 9, "object_id": "6", "object_repr": "Barbeque Chicken", "action_flag": 2, "change_message": "[{\"changed\": {\"fields\": [\"Slug\"]}}]"}}, {"model": "admin.logentry", "pk": 58, "fields": {"action_time": "2023-08-08T06:37:50.106Z", "user": 4, "content_type": 9, "object_id": "6", "object_repr": "Barbeque Chicken", "action_flag": 2, "change_message": "[]"}}, {"model": "admin.logentry", "pk": 59, "fields": {"action_time": "2023-08-08T06:37:55.635Z", "user": 4, "content_type": 9, "object_id": "9", "object_repr": "Veg Pizza", "action_flag": 2, "change_message": "[{\"changed\": {\"fields\": [\"Slug\"]}}]"}}, {"model": "admin.logentry", "pk": 60, "fields": {"action_time": "2023-08-08T06:38:01.143Z", "user": 4, "content_type": 9, "object_id": "14", "object_repr": "Steam Rice", "action_flag": 2, "change_message": "[]"}}, {"model": "admin.logentry", "pk": 61, "fields": {"action_time": "2023-08-08T06:38:03.607Z", "user": 4, "content_type": 9, "object_id": "15", "object_repr": "Tuna Fish", "action_flag": 2, "change_message": "[]"}}, {"model": "admin.logentry", "pk": 62, "fields": {"action_time": "2023-08-08T06:39:11.248Z", "user": 4, "content_type": 10, "object_id": "4", "object_repr": "Chicken", "action_flag": 2, "change_message": "[]"}}, {"model": "admin.logentry", "pk": 63, "fields": {"action_time": "2023-08-08T06:39:14.494Z", "user": 4, "content_type": 10, "object_id": "14", "object_repr": "Sea food", "action_flag": 2, "change_message": "[]"}}, {"model": "admin.logentry", "pk": 64, "fields": {"action_time": "2023-08-08T06:56:29.877Z", "user": 4, "content_type": 8, "object_id": "5", "object_repr": "Chick-Fil-B", "action_flag": 3, "change_message": ""}}, {"model": "admin.logentry", "pk": 65, "fields": {"action_time": "2023-08-10T23:09:45.011Z", "user": 4, "content_type": 6, "object_id": "21", "object_repr": "vendor333@gmail.com", "action_flag": 2, "change_message": "[{\"changed\": {\"fields\": [\"Email\"]}}]"}}, {"model": "admin.logentry", "pk": 66, "fields": {"action_time": "2023-08-10T23:09:53.571Z", "user": 4, "content_type": 6, "object_id": "21", "object_repr": "vendor333@gmail.com", "action_flag": 2, "change_message": "[{\"changed\": {\"fields\": [\"Is active\"]}}]"}}, {"model": "admin.logentry", "pk": 67, "fields": {"action_time": "2023-08-10T23:10:39.946Z", "user": 4, "content_type": 6, "object_id": "21", "object_repr": "vendor333@gmail.com", "action_flag": 3, "change_message": ""}}, {"model": "admin.logentry", "pk": 68, "fields": {"action_time": "2023-08-10T23:13:24.017Z", "user": 4, "content_type": 6, "object_id": "22", "object_repr": "vendor333@gmail.com", "action_flag": 2, "change_message": "[{\"changed\": {\"fields\": [\"Is active\"]}}]"}}, {"model": "admin.logentry", "pk": 69, "fields": {"action_time": "2023-08-10T23:13:37.955Z", "user": 4, "content_type": 8, "object_id": "6", "object_repr": "Southern Cafe", "action_flag": 2, "change_message": "[{\"changed\": {\"fields\": [\"Is approved\"]}}]"}}, {"model": "admin.logentry", "pk": 70, "fields": {"action_time": "2023-08-10T23:14:00.039Z", "user": 4, "content_type": 6, "object_id": "23", "object_repr": "vendor44@gmail.com", "action_flag": 2, "change_message": "[{\"changed\": {\"fields\": [\"Is active\"]}}]"}}, {"model": "admin.logentry", "pk": 71, "fields": {"action_time": "2023-08-10T23:14:06.561Z", "user": 4, "content_type": 8, "object_id": "7", "object_repr": "Taco Pell", "action_flag": 2, "change_message": "[{\"changed\": {\"fields\": [\"Is approved\"]}}]"}}, {"model": "admin.logentry", "pk": 72, "fields": {"action_time": "2023-08-11T23:51:44.231Z", "user": 4, "content_type": 7, "object_id": "19", "object_repr": "vendor44@gmail.com", "action_flag": 2, "change_message": "[]"}}, {"model": "admin.logentry", "pk": 73, "fields": {"action_time": "2023-08-11T23:52:00.037Z", "user": 4, "content_type": 7, "object_id": "18", "object_repr": "vendor333@gmail.com", "action_flag": 2, "change_message": "[]"}}, {"model": "admin.logentry", "pk": 74, "fields": {"action_time": "2023-08-11T23:52:06.082Z", "user": 4, "content_type": 7, "object_id": "15", "object_repr": "htmdmrys@126.com", "action_flag": 2, "change_message": "[]"}}, {"model": "admin.logentry", "pk": 75, "fields": {"action_time": "2023-08-11T23:52:11.616Z", "user": 4, "content_type": 7, "object_id": "14", "object_repr": "celeste2106@163.com", "action_flag": 2, "change_message": "[]"}}, {"model": "admin.logentry", "pk": 76, "fields": {"action_time": "2023-08-11T23:52:17.435Z", "user": 4, "content_type": 7, "object_id": "13", "object_repr": "toriz62@outlook.com", "action_flag": 2, "change_message": "[]"}}, {"model": "admin.logentry", "pk": 77, "fields": {"action_time": "2023-08-15T23:41:55.532Z", "user": 4, "content_type": 13, "object_id": "1", "object_repr": "Los Angeles, CA", "action_flag": 1, "change_message": "[{\"added\": {}}]"}}, {"model": "admin.logentry", "pk": 78, "fields": {"action_time": "2023-08-15T23:43:27.061Z", "user": 4, "content_type": 13, "object_id": "2", "object_repr": "CA State Sales Tax", "action_flag": 1, "change_message": "[{\"added\": {}}]"}}, {"model": "admin.logentry", "pk": 79, "fields": {"action_time": "2023-08-15T23:46:14.589Z", "user": 4, "content_type": 13, "object_id": "1", "object_repr": "Los Angeles Sales Ta", "action_flag": 2, "change_message": "[{\"changed\": {\"fields\": [\"Tax type\", \"Tax Percentage (%)\"]}}]"}}, {"model": "admin.logentry", "pk": 80, "fields": {"action_time": "2023-08-15T23:46:22.892Z", "user": 4, "content_type": 13, "object_id": "2", "object_repr": "CA Sales Tax", "action_flag": 2, "change_message": "[{\"changed\": {\"fields\": [\"Tax type\"]}}]"}}, {"model": "admin.logentry", "pk": 81, "fields": {"action_time": "2023-08-15T23:47:00.424Z", "user": 4, "content_type": 13, "object_id": "1", "object_repr": "Los Angeles Sales Tax", "action_flag": 2, "change_message": "[{\"changed\": {\"fields\": [\"Tax type\"]}}]"}}, {"model": "admin.logentry", "pk": 82, "fields": {"action_time": "2023-08-16T00:43:07.491Z", "user": 4, "content_type": 13, "object_id": "2", "object_repr": "CA Sales Tax", "action_flag": 2, "change_message": "[{\"changed\": {\"fields\": [\"Tax slug\"]}}]"}}, {"model": "admin.logentry", "pk": 83, "fields": {"action_time": "2023-08-16T00:43:25.402Z", "user": 4, "content_type": 13, "object_id": "1", "object_repr": "Los Angeles Sales Tax", "action_flag": 2, "change_message": "[{\"changed\": {\"fields\": [\"Tax slug\"]}}]"}}, {"model": "admin.logentry", "pk": 84, "fields": {"action_time": "2023-08-16T00:43:32.767Z", "user": 4, "content_type": 13, "object_id": "2", "object_repr": "CA Sales Tax", "action_flag": 2, "change_message": "[{\"changed\": {\"fields\": [\"Tax slug\"]}}]"}}, {"model": "admin.logentry", "pk": 85, "fields": {"action_time": "2023-08-16T00:52:33.546Z", "user": 4, "content_type": 13, "object_id": "1", "object_repr": "Los Angeles Sales Tax", "action_flag": 2, "change_message": "[{\"changed\": {\"fields\": [\"Tax Rate (%)\"]}}]"}}, {"model": "admin.logentry", "pk": 86, "fields": {"action_time": "2023-08-17T00:10:55.416Z", "user": 4, "content_type": 6, "object_id": "17", "object_repr": "toriz62@outlook.com", "action_flag": 2, "change_message": "[{\"changed\": {\"fields\": [\"Phone\"]}}]"}}, {"model": "admin.logentry", "pk": 87, "fields": {"action_time": "2023-08-17T00:11:57.444Z", "user": 4, "content_type": 7, "object_id": "13", "object_repr": "toriz62@outlook.com", "action_flag": 2, "change_message": "[{\"changed\": {\"fields\": [\"Profile picture\", \"Cover photo\", \"City\"]}}]"}}, {"model": "admin.logentry", "pk": 88, "fields": {"action_time": "2023-08-17T00:13:47.137Z", "user": 4, "content_type": 7, "object_id": "13", "object_repr": "toriz62@outlook.com", "action_flag": 2, "change_message": "[]"}}, {"model": "admin.logentry", "pk": 89, "fields": {"action_time": "2023-08-20T04:55:50.447Z", "user": 4, "content_type": 14, "object_id": "3", "object_repr": "202308200454353", "action_flag": 3, "change_message": ""}}, {"model": "admin.logentry", "pk": 90, "fields": {"action_time": "2023-08-20T04:55:50.459Z", "user": 4, "content_type": 14, "object_id": "2", "object_repr": "2023082004282", "action_flag": 3, "change_message": ""}}, {"model": "admin.logentry", "pk": 91, "fields": {"action_time": "2023-08-20T04:55:50.460Z", "user": 4, "content_type": 14, "object_id": "1", "object_repr": "111111", "action_flag": 3, "change_message": ""}}, {"model": "admin.logentry", "pk": 92, "fields": {"action_time": "2023-08-27T00:03:18.824Z", "user": 4, "content_type": 14, "object_id": "23", "object_repr": "2023082101192423", "action_flag": 3, "change_message": ""}}, {"model": "admin.logentry", "pk": 93, "fields": {"action_time": "2023-08-27T00:03:18.830Z", "user": 4, "content_type": 14, "object_id": "22", "object_repr": "2023082101073922", "action_flag": 3, "change_message": ""}}, {"model": "admin.logentry", "pk": 94, "fields": {"action_time": "2023-08-27T00:03:18.831Z", "user": 4, "content_type": 14, "object_id": "21", "object_repr": "2023082101040121", "action_flag": 3, "change_message": ""}}, {"model": "admin.logentry", "pk": 95, "fields": {"action_time": "2023-08-27T00:03:18.832Z", "user": 4, "content_type": 14, "object_id": "20", "object_repr": "2023082100431620", "action_flag": 3, "change_message": ""}}, {"model": "admin.logentry", "pk": 96, "fields": {"action_time": "2023-08-27T00:03:18.833Z", "user": 4, "content_type": 14, "object_id": "19", "object_repr": "2023082100351819", "action_flag": 3, "change_message": ""}}, {"model": "admin.logentry", "pk": 97, "fields": {"action_time": "2023-08-27T00:03:18.833Z", "user": 4, "content_type": 14, "object_id": "18", "object_repr": "2023082100224818", "action_flag": 3, "change_message": ""}}, {"model": "admin.logentry", "pk": 98, "fields": {"action_time": "2023-08-27T00:03:18.834Z", "user": 4, "content_type": 14, "object_id": "17", "object_repr": "2023082100201517", "action_flag": 3, "change_message": ""}}, {"model": "admin.logentry", "pk": 99, "fields": {"action_time": "2023-08-27T00:03:18.835Z", "user": 4, "content_type": 14, "object_id": "16", "object_repr": "2023082100192416", "action_flag": 3, "change_message": ""}}, {"model": "admin.logentry", "pk": 100, "fields": {"action_time": "2023-08-27T00:03:18.836Z", "user": 4, "content_type": 14, "object_id": "15", "object_repr": "2023082100190115", "action_flag": 3, "change_message": ""}}, {"model": "admin.logentry", "pk": 101, "fields": {"action_time": "2023-08-27T00:03:18.836Z", "user": 4, "content_type": 14, "object_id": "14", "object_repr": "2023082100055714", "action_flag": 3, "change_message": ""}}, {"model": "admin.logentry", "pk": 102, "fields": {"action_time": "2023-08-27T00:03:18.838Z", "user": 4, "content_type": 14, "object_id": "13", "object_repr": "2023082023460113", "action_flag": 3, "change_message": ""}}, {"model": "admin.logentry", "pk": 103, "fields": {"action_time": "2023-08-27T00:03:18.839Z", "user": 4, "content_type": 14, "object_id": "12", "object_repr": "2023082023352212", "action_flag": 3, "change_message": ""}}, {"model": "admin.logentry", "pk": 104, "fields": {"action_time": "2023-08-27T00:03:18.840Z", "user": 4, "content_type": 14, "object_id": "11", "object_repr": "2023082023255311", "action_flag": 3, "change_message": ""}}, {"model": "admin.logentry", "pk": 105, "fields": {"action_time": "2023-08-27T00:03:18.840Z", "user": 4, "content_type": 14, "object_id": "10", "object_repr": "2023082023251510", "action_flag": 3, "change_message": ""}}, {"model": "admin.logentry", "pk": 106, "fields": {"action_time": "2023-08-27T00:03:18.841Z", "user": 4, "content_type": 14, "object_id": "9", "object_repr": "202308202322309", "action_flag": 3, "change_message": ""}}, {"model": "admin.logentry", "pk": 107, "fields": {"action_time": "2023-08-27T00:03:18.842Z", "user": 4, "content_type": 14, "object_id": "8", "object_repr": "202308202322118", "action_flag": 3, "change_message": ""}}, {"model": "admin.logentry", "pk": 108, "fields": {"action_time": "2023-08-27T00:03:18.843Z", "user": 4, "content_type": 14, "object_id": "7", "object_repr": "202308202321227", "action_flag": 3, "change_message": ""}}, {"model": "admin.logentry", "pk": 109, "fields": {"action_time": "2023-08-27T00:03:18.844Z", "user": 4, "content_type": 14, "object_id": "6", "object_repr": "202308202320146", "action_flag": 3, "change_message": ""}}, {"model": "admin.logentry", "pk": 110, "fields": {"action_time": "2023-08-27T00:03:18.844Z", "user": 4, "content_type": 14, "object_id": "5", "object_repr": "202308200543475", "action_flag": 3, "change_message": ""}}, {"model": "admin.logentry", "pk": 111, "fields": {"action_time": "2023-08-27T00:03:18.845Z", "user": 4, "content_type": 14, "object_id": "4", "object_repr": "202308200456024", "action_flag": 3, "change_message": ""}}, {"model": "admin.logentry", "pk": 112, "fields": {"action_time": "2023-08-27T00:31:30.657Z", "user": 4, "content_type": 14, "object_id": "27", "object_repr": "2023082700154827", "action_flag": 2, "change_message": "[{\"changed\": {\"fields\": [\"Vendors\"]}}]"}}, {"model": "admin.logentry", "pk": 113, "fields": {"action_time": "2023-08-27T00:34:57.972Z", "user": 4, "content_type": 14, "object_id": "24", "object_repr": "2023082700134424", "action_flag": 2, "change_message": "[{\"changed\": {\"fields\": [\"Vendors\"]}}]"}}, {"model": "admin.logentry", "pk": 114, "fields": {"action_time": "2023-08-27T00:35:13.230Z", "user": 4, "content_type": 14, "object_id": "27", "object_repr": "2023082700154827", "action_flag": 2, "change_message": "[{\"changed\": {\"fields\": [\"Vendors\"]}}]"}}, {"model": "admin.logentry", "pk": 115, "fields": {"action_time": "2023-08-27T01:30:02.051Z", "user": 4, "content_type": 14, "object_id": "32", "object_repr": "2023082701203832", "action_flag": 3, "change_message": ""}}, {"model": "admin.logentry", "pk": 116, "fields": {"action_time": "2023-08-27T01:30:02.053Z", "user": 4, "content_type": 14, "object_id": "31", "object_repr": "2023082701172631", "action_flag": 3, "change_message": ""}}, {"model": "admin.logentry", "pk": 117, "fields": {"action_time": "2023-08-27T01:30:02.054Z", "user": 4, "content_type": 14, "object_id": "30", "object_repr": "2023082700540730", "action_flag": 3, "change_message": ""}}, {"model": "admin.logentry", "pk": 118, "fields": {"action_time": "2023-08-27T01:30:02.054Z", "user": 4, "content_type": 14, "object_id": "29", "object_repr": "2023082700514029", "action_flag": 3, "change_message": ""}}, {"model": "admin.logentry", "pk": 119, "fields": {"action_time": "2023-08-27T01:30:02.055Z", "user": 4, "content_type": 14, "object_id": "28", "object_repr": "2023082700434028", "action_flag": 3, "change_message": ""}}, {"model": "admin.logentry", "pk": 120, "fields": {"action_time": "2023-08-27T01:30:02.056Z", "user": 4, "content_type": 14, "object_id": "27", "object_repr": "2023082700154827", "action_flag": 3, "change_message": ""}}, {"model": "admin.logentry", "pk": 121, "fields": {"action_time": "2023-08-27T01:30:02.057Z", "user": 4, "content_type": 14, "object_id": "26", "object_repr": "2023082700150826", "action_flag": 3, "change_message": ""}}, {"model": "admin.logentry", "pk": 122, "fields": {"action_time": "2023-08-27T01:30:02.058Z", "user": 4, "content_type": 14, "object_id": "25", "object_repr": "2023082700143525", "action_flag": 3, "change_message": ""}}, {"model": "admin.logentry", "pk": 123, "fields": {"action_time": "2023-08-27T01:30:02.059Z", "user": 4, "content_type": 14, "object_id": "24", "object_repr": "2023082700134424", "action_flag": 3, "change_message": ""}}, {"model": "admin.logentry", "pk": 124, "fields": {"action_time": "2023-08-28T23:55:58.556Z", "user": 4, "content_type": 6, "object_id": "24", "object_repr": "xtzhao324@outlook.com", "action_flag": 3, "change_message": ""}}, {"model": "admin.logentry", "pk": 125, "fields": {"action_time": "2023-08-29T00:58:14.001Z", "user": 4, "content_type": 8, "object_id": "8", "object_repr": "moin38rc3h", "action_flag": 2, "change_message": "[{\"changed\": {\"fields\": [\"Is approved\"]}}]"}}, {"model": "admin.logentry", "pk": 126, "fields": {"action_time": "2023-08-29T00:58:39.045Z", "user": 4, "content_type": 8, "object_id": "8", "object_repr": "moin38rc3h", "action_flag": 2, "change_message": "[{\"changed\": {\"fields\": [\"Is approved\"]}}]"}}, {"model": "admin.logentry", "pk": 127, "fields": {"action_time": "2023-08-29T01:01:22.116Z", "user": 4, "content_type": 6, "object_id": "25", "object_repr": "xtzhao324@outlook.com", "action_flag": 3, "change_message": ""}}, {"model": "auth.permission", "pk": 1, "fields": {"name": "Can add log entry", "content_type": 1, "codename": "add_logentry"}}, {"model": "auth.permission", "pk": 2, "fields": {"name": "Can change log entry", "content_type": 1, "codename": "change_logentry"}}, {"model": "auth.permission", "pk": 3, "fields": {"name": "Can delete log entry", "content_type": 1, "codename": "delete_logentry"}}, {"model": "auth.permission", "pk": 4, "fields": {"name": "Can view log entry", "content_type": 1, "codename": "view_logentry"}}, {"model": "auth.permission", "pk": 5, "fields": {"name": "Can add permission", "content_type": 2, "codename": "add_permission"}}, {"model": "auth.permission", "pk": 6, "fields": {"name": "Can change permission", "content_type": 2, "codename": "change_permission"}}, {"model": "auth.permission", "pk": 7, "fields": {"name": "Can delete permission", "content_type": 2, "codename": "delete_permission"}}, {"model": "auth.permission", "pk": 8, "fields": {"name": "Can view permission", "content_type": 2, "codename": "view_permission"}}, {"model": "auth.permission", "pk": 9, "fields": {"name": "Can add group", "content_type": 3, "codename": "add_group"}}, {"model": "auth.permission", "pk": 10, "fields": {"name": "Can change group", "content_type": 3, "codename": "change_group"}}, {"model": "auth.permission", "pk": 11, "fields": {"name": "Can delete group", "content_type": 3, "codename": "delete_group"}}, {"model": "auth.permission", "pk": 12, "fields": {"name": "Can view group", "content_type": 3, "codename": "view_group"}}, {"model": "auth.permission", "pk": 13, "fields": {"name": "Can add content type", "content_type": 4, "codename": "add_contenttype"}}, {"model": "auth.permission", "pk": 14, "fields": {"name": "Can change content type", "content_type": 4, "codename": "change_contenttype"}}, {"model": "auth.permission", "pk": 15, "fields": {"name": "Can delete content type", "content_type": 4, "codename": "delete_contenttype"}}, {"model": "auth.permission", "pk": 16, "fields": {"name": "Can view content type", "content_type": 4, "codename": "view_contenttype"}}, {"model": "auth.permission", "pk": 17, "fields": {"name": "Can add session", "content_type": 5, "codename": "add_session"}}, {"model": "auth.permission", "pk": 18, "fields": {"name": "Can change session", "content_type": 5, "codename": "change_session"}}, {"model": "auth.permission", "pk": 19, "fields": {"name": "Can delete session", "content_type": 5, "codename": "delete_session"}}, {"model": "auth.permission", "pk": 20, "fields": {"name": "Can view session", "content_type": 5, "codename": "view_session"}}, {"model": "auth.permission", "pk": 21, "fields": {"name": "Can add user", "content_type": 6, "codename": "add_user"}}, {"model": "auth.permission", "pk": 22, "fields": {"name": "Can change user", "content_type": 6, "codename": "change_user"}}, {"model": "auth.permission", "pk": 23, "fields": {"name": "Can delete user", "content_type": 6, "codename": "delete_user"}}, {"model": "auth.permission", "pk": 24, "fields": {"name": "Can view user", "content_type": 6, "codename": "view_user"}}, {"model": "auth.permission", "pk": 25, "fields": {"name": "Can add user profile", "content_type": 7, "codename": "add_userprofile"}}, {"model": "auth.permission", "pk": 26, "fields": {"name": "Can change user profile", "content_type": 7, "codename": "change_userprofile"}}, {"model": "auth.permission", "pk": 27, "fields": {"name": "Can delete user profile", "content_type": 7, "codename": "delete_userprofile"}}, {"model": "auth.permission", "pk": 28, "fields": {"name": "Can view user profile", "content_type": 7, "codename": "view_userprofile"}}, {"model": "auth.permission", "pk": 29, "fields": {"name": "Can add vendor", "content_type": 8, "codename": "add_vendor"}}, {"model": "auth.permission", "pk": 30, "fields": {"name": "Can change vendor", "content_type": 8, "codename": "change_vendor"}}, {"model": "auth.permission", "pk": 31, "fields": {"name": "Can delete vendor", "content_type": 8, "codename": "delete_vendor"}}, {"model": "auth.permission", "pk": 32, "fields": {"name": "Can view vendor", "content_type": 8, "codename": "view_vendor"}}, {"model": "auth.permission", "pk": 33, "fields": {"name": "Can add food item", "content_type": 9, "codename": "add_fooditem"}}, {"model": "auth.permission", "pk": 34, "fields": {"name": "Can change food item", "content_type": 9, "codename": "change_fooditem"}}, {"model": "auth.permission", "pk": 35, "fields": {"name": "Can delete food item", "content_type": 9, "codename": "delete_fooditem"}}, {"model": "auth.permission", "pk": 36, "fields": {"name": "Can view food item", "content_type": 9, "codename": "view_fooditem"}}, {"model": "auth.permission", "pk": 37, "fields": {"name": "Can add category", "content_type": 10, "codename": "add_category"}}, {"model": "auth.permission", "pk": 38, "fields": {"name": "Can change category", "content_type": 10, "codename": "change_category"}}, {"model": "auth.permission", "pk": 39, "fields": {"name": "Can delete category", "content_type": 10, "codename": "delete_category"}}, {"model": "auth.permission", "pk": 40, "fields": {"name": "Can view category", "content_type": 10, "codename": "view_category"}}, {"model": "auth.permission", "pk": 41, "fields": {"name": "Can add cart", "content_type": 11, "codename": "add_cart"}}, {"model": "auth.permission", "pk": 42, "fields": {"name": "Can change cart", "content_type": 11, "codename": "change_cart"}}, {"model": "auth.permission", "pk": 43, "fields": {"name": "Can delete cart", "content_type": 11, "codename": "delete_cart"}}, {"model": "auth.permission", "pk": 44, "fields": {"name": "Can view cart", "content_type": 11, "codename": "view_cart"}}, {"model": "auth.permission", "pk": 45, "fields": {"name": "Can add opening hour", "content_type": 12, "codename": "add_openinghour"}}, {"model": "auth.permission", "pk": 46, "fields": {"name": "Can change opening hour", "content_type": 12, "codename": "change_openinghour"}}, {"model": "auth.permission", "pk": 47, "fields": {"name": "Can delete opening hour", "content_type": 12, "codename": "delete_openinghour"}}, {"model": "auth.permission", "pk": 48, "fields": {"name": "Can view opening hour", "content_type": 12, "codename": "view_openinghour"}}, {"model": "auth.permission", "pk": 49, "fields": {"name": "Can add tax", "content_type": 13, "codename": "add_tax"}}, {"model": "auth.permission", "pk": 50, "fields": {"name": "Can change tax", "content_type": 13, "codename": "change_tax"}}, {"model": "auth.permission", "pk": 51, "fields": {"name": "Can delete tax", "content_type": 13, "codename": "delete_tax"}}, {"model": "auth.permission", "pk": 52, "fields": {"name": "Can view tax", "content_type": 13, "codename": "view_tax"}}, {"model": "auth.permission", "pk": 53, "fields": {"name": "Can add order", "content_type": 14, "codename": "add_order"}}, {"model": "auth.permission", "pk": 54, "fields": {"name": "Can change order", "content_type": 14, "codename": "change_order"}}, {"model": "auth.permission", "pk": 55, "fields": {"name": "Can delete order", "content_type": 14, "codename": "delete_order"}}, {"model": "auth.permission", "pk": 56, "fields": {"name": "Can view order", "content_type": 14, "codename": "view_order"}}, {"model": "auth.permission", "pk": 57, "fields": {"name": "Can add payment", "content_type": 15, "codename": "add_payment"}}, {"model": "auth.permission", "pk": 58, "fields": {"name": "Can change payment", "content_type": 15, "codename": "change_payment"}}, {"model": "auth.permission", "pk": 59, "fields": {"name": "Can delete payment", "content_type": 15, "codename": "delete_payment"}}, {"model": "auth.permission", "pk": 60, "fields": {"name": "Can view payment", "content_type": 15, "codename": "view_payment"}}, {"model": "auth.permission", "pk": 61, "fields": {"name": "Can add ordered food", "content_type": 16, "codename": "add_orderedfood"}}, {"model": "auth.permission", "pk": 62, "fields": {"name": "Can change ordered food", "content_type": 16, "codename": "change_orderedfood"}}, {"model": "auth.permission", "pk": 63, "fields": {"name": "Can delete ordered food", "content_type": 16, "codename": "delete_orderedfood"}}, {"model": "auth.permission", "pk": 64, "fields": {"name": "Can view ordered food", "content_type": 16, "codename": "view_orderedfood"}}, {"model": "contenttypes.contenttype", "pk": 1, "fields": {"app_label": "admin", "model": "logentry"}}, {"model": "contenttypes.contenttype", "pk": 2, "fields": {"app_label": "auth", "model": "permission"}}, {"model": "contenttypes.contenttype", "pk": 3, "fields": {"app_label": "auth", "model": "group"}}, {"model": "contenttypes.contenttype", "pk": 4, "fields": {"app_label": "contenttypes", "model": "contenttype"}}, {"model": "contenttypes.contenttype", "pk": 5, "fields": {"app_label": "sessions", "model": "session"}}, {"model": "contenttypes.contenttype", "pk": 6, "fields": {"app_label": "accounts", "model": "user"}}, {"model": "contenttypes.contenttype", "pk": 7, "fields": {"app_label": "accounts", "model": "userprofile"}}, {"model": "contenttypes.contenttype", "pk": 8, "fields": {"app_label": "vendor", "model": "vendor"}}, {"model": "contenttypes.contenttype", "pk": 9, "fields": {"app_label": "menu", "model": "fooditem"}}, {"model": "contenttypes.contenttype", "pk": 10, "fields": {"app_label": "menu", "model": "category"}}, {"model": "contenttypes.contenttype", "pk": 11, "fields": {"app_label": "marketplace", "model": "cart"}}, {"model": "contenttypes.contenttype", "pk": 12, "fields": {"app_label": "vendor", "model": "openinghour"}}, {"model": "contenttypes.contenttype", "pk": 13, "fields": {"app_label": "marketplace", "model": "tax"}}, {"model": "contenttypes.contenttype", "pk": 14, "fields": {"app_label": "order", "model": "order"}}, {"model": "contenttypes.contenttype", "pk": 15, "fields": {"app_label": "order", "model": "payment"}}, {"model": "contenttypes.contenttype", "pk": 16, "fields": {"app_label": "order", "model": "orderedfood"}}, {"model": "sessions.session", "pk": "2izxp86g99kzxjg0vbank1pakhkvlzoe", "fields": {"session_data": ".eJxVjDEOAiEQAP9CbQgsYMDS3jeQXRbk1EBy3FXGvxuSK7SdmcxbRNy3GveR17iwuAgrTr-MMD1zm4If2O5dpt62dSE5E3nYIW-d8-t6tH-DiqPOLQabNVhmD5qSAyIAJKeS1uGMpSAaE0gDGl1CBi6gPAOQUmhc8eLzBetrOAQ:1qQuge:Kj9c20J9uS_QOj6-1IXm93sJ7FjxtCWjIRy2lv1B3eA", "expire_date": "2023-08-15T19:05:40.020Z"}}, {"model": "sessions.session", "pk": "f1mf1n5ilyvcoqe2zfgbhtjvbohy8kpv", "fields": {"session_data": ".eJxVjDEOAiEQAP9CbQgsYMDS3jeQXRbk1EBy3FXGvxuSK7SdmcxbRNy3GveR17iwuAgrTr-MMD1zm4If2O5dpt62dSE5E3nYIW-d8-t6tH-DiqPOLQabNVhmD5qSAyIAJKeS1uGMpSAaE0gDGl1CBi6gPAOQUmhc8eLzBetrOAQ:1qVfYw:8y6xQ_hoKYIMwtUbM_vD16JjjzxMVUevqc14XrQCkCI", "expire_date": "2023-08-28T21:57:22.405Z"}}, {"model": "sessions.session", "pk": "fpg1sjw6bdv78qsouvtik27t6dt5b0p8", "fields": {"session_data": "e30:1qPZjz:I0HtXgLj0PwtQTJG0k7tn9hlvKTqMasufJmE_zdRtAc", "expire_date": "2023-08-12T02:31:35.940Z"}}, {"model": "sessions.session", "pk": "rw45rho9mscnf6subbkhvz0gu0v8xzmg", "fields": {"session_data": ".eJxVjDEOAiEQAP9CbQgsYMDS3jeQXRbk1EBy3FXGvxuSK7SdmcxbRNy3GveR17iwuAgrTr-MMD1zm4If2O5dpt62dSE5E3nYIW-d8-t6tH-DiqPOLQabNVhmD5qSAyIAJKeS1uGMpSAaE0gDGl1CBi6gPAOQUmhc8eLzBetrOAQ:1qNPHB:dW5CWiSFrLe2W_soc16V5wJebS8SslxtIi8d8O1iUv4", "expire_date": "2023-08-06T02:56:53.037Z"}}, {"model": "sessions.session", "pk": "sg1shtaz77gvdv8tlz8rz2y0rz2266oh", "fields": {"session_data": ".eJxVjDEOAiEQAP9CbQgsYMDS3jeQXRbk1EBy3FXGvxuSK7SdmcxbRNy3GveR17iwuAgrTr-MMD1zm4If2O5dpt62dSE5E3nYIW-d8-t6tH-DiqPOLQabNVhmD5qSAyIAJKeS1uGMpSAaE0gDGl1CBi6gPAOQUmhc8eLzBetrOAQ:1qVm66:flBbgVC_WLfEiTpPI5OjGwYy4eqdK-mSjXsJZ8Yvpl0", "expire_date": "2023-08-29T04:56:02.933Z"}}, {"model": "accounts.user", "pk": 4, "fields": {"password": "pbkdf2_sha256$390000$qmX5EXmgdp1rgA5LTlm6fQ$XBTPYXUFhu+KttWGpRFRPmr/FB6CMqhFiPQJbKyCQvY=", "first_name": "iarn", "last_name": "diu", "username": "admin", "email": "iarndiu@gmail.com", "phone": "", "role": null, "date_joined": "2023-07-23T02:56:42.095Z", "last_login": "2023-08-15T04:56:02.889Z", "created_at": "2023-07-23T02:56:42.095Z", "updated_at": "2023-07-30T02:13:40.398Z", "is_admin": true, "is_staff": true, "is_active": true, "is_superadmin": true}}, {"model": "accounts.user", "pk": 13, "fields": {"password": "pbkdf2_sha256$390000$ieS8E550o8ZR0nkfdgwsab$cDYLvVBOhVlDRlhxPeuN8rBfNlxpqBHblCMl9EBJgkM=", "first_name": "jfqniu", "last_name": "nkjvd", "username": "j9823hf;'", "email": "d082r@gmail.com", "phone": "", "role": 2, "date_joined": "2023-07-28T20:09:21.607Z", "last_login": "2023-07-30T02:07:22.945Z", "created_at": "2023-07-28T20:09:21.607Z", "updated_at": "2023-07-29T02:18:57.369Z", "is_admin": false, "is_staff": false, "is_active": true, "is_superadmin": false}}, {"model": "accounts.user", "pk": 15, "fields": {"password": "pbkdf2_sha256$390000$YCwRoOaBJnhnsI15cx65zI$992xFYidjS6dWaYhI0XS3pVuKdkoQgUGpAWIO4P/w6Y=", "first_name": "niusn", "last_name": "cnian", "username": "93m;qc2893", "email": "f94ngs@gmail.com", "phone": "", "role": 2, "date_joined": "2023-07-29T00:43:50.178Z", "last_login": "2023-07-29T02:41:55.687Z", "created_at": "2023-07-29T00:43:50.178Z", "updated_at": "2023-08-07T00:42:53.556Z", "is_admin": false, "is_staff": false, "is_active": true, "is_superadmin": false}}, {"model": "accounts.user", "pk": 17, "fields": {"password": "pbkdf2_sha256$390000$tHC2hbzeEcZJ0LlUgaG2JX$RPwMmPQV6X9MGUXUco+ZL9v2sWtEfxbkJTwIkStm+eE=", "first_name": "emmfioa", "last_name": "nfifnj", "username": "f389h2;e902", "email": "toriz62@outlook.com", "phone": "1234567890", "role": 2, "date_joined": "2023-07-30T01:40:13.079Z", "last_login": "2023-08-29T01:17:12.196Z", "created_at": "2023-07-30T01:40:13.079Z", "updated_at": "2023-08-17T00:21:15.945Z", "is_admin": false, "is_staff": false, "is_active": true, "is_superadmin": false}}, {"model": "accounts.user", "pk": 18, "fields": {"password": "pbkdf2_sha256$390000$o9fTiacmuzUCMk8fRGHsq6$5hK9FsglHP60fukf9/WZ0vuEmYW5TDewu//kN3k+rAs=", "first_name": "sirun", "last_name": "fiujbe", "username": "bkjg09u;h/e;j", "email": "celeste2106@163.com", "phone": "", "role": 1, "date_joined": "2023-08-01T00:27:55.660Z", "last_login": "2023-08-29T01:18:01.010Z", "created_at": "2023-08-01T00:27:55.660Z", "updated_at": "2023-08-01T00:29:04.645Z", "is_admin": false, "is_staff": false, "is_active": true, "is_superadmin": false}}, {"model": "accounts.user", "pk": 19, "fields": {"password": "pbkdf2_sha256$390000$zL2d9WmU0dIOW2ieFefIKS$QDf0UoInCDZR0ZvKmx0zC2lPRaQUe6k3UZo0eMF1ZVE=", "first_name": "viuerb", "last_name": "fiouhg", "username": "940hf;qh", "email": "htmdmrys@126.com", "phone": "", "role": 1, "date_joined": "2023-08-05T23:40:46.030Z", "last_login": "2023-08-27T01:31:37.166Z", "created_at": "2023-08-05T23:40:46.030Z", "updated_at": "2023-08-05T23:41:35.396Z", "is_admin": false, "is_staff": false, "is_active": true, "is_superadmin": false}}, {"model": "accounts.user", "pk": 22, "fields": {"password": "pbkdf2_sha256$390000$ckq2xh3KBbZyTvQIeZt00G$iJHmlMAJJSss0x4oVf7/dF66jDRywpeOn7WuI9+/jh8=", "first_name": "snvirughi", "last_name": "fnaiugh", "username": "398iun09278n54", "email": "vendor333@gmail.com", "phone": "", "role": 1, "date_joined": "2023-08-10T23:11:52.954Z", "last_login": "2023-08-27T04:00:57.517Z", "created_at": "2023-08-10T23:11:52.954Z", "updated_at": "2023-08-10T23:13:24.014Z", "is_admin": false, "is_staff": false, "is_active": true, "is_superadmin": false}}, {"model": "accounts.user", "pk": 23, "fields": {"password": "pbkdf2_sha256$390000$8wYwJxJoBfa8zxHJmTRhR0$2iNpdr6qDVhjqy34KF1m+I/helJKlVZcwGGsA2w9dks=", "first_name": "naing", "last_name": "vn,sr", "username": "uif87236hfjr", "email": "vendor44@gmail.com", "phone": "", "role": 1, "date_joined": "2023-08-10T23:13:13.953Z", "last_login": "2023-08-15T23:38:35.681Z", "created_at": "2023-08-10T23:13:13.953Z", "updated_at": "2023-08-10T23:14:00.036Z", "is_admin": false, "is_staff": false, "is_active": true, "is_superadmin": false}}, {"model": "accounts.userprofile", "pk": 1, "fields": {"user": 4, "profile_picture": "users/profile_pictures/1.JPG", "cover_photo": "users/cover_photos/9.JPG", "address": null, "country": "US", "state": "CA", "city": "LA", "pin_code": "128327", "latitude": null, "longitude": null, "location": null, "created_at": "2023-07-27T21:59:09.644Z", "updated_at": "2023-08-15T04:56:02.930Z"}}, {"model": "accounts.userprofile", "pk": 9, "fields": {"user": 13, "profile_picture": "", "cover_photo": "", "address": null, "country": null, "state": null, "city": null, "pin_code": null, "latitude": null, "longitude": null, "location": null, "created_at": "2023-07-28T20:09:21.609Z", "updated_at": "2023-07-30T02:07:22.947Z"}}, {"model": "accounts.userprofile", "pk": 11, "fields": {"user": 15, "profile_picture": "", "cover_photo": "", "address": null, "country": null, "state": null, "city": null, "pin_code": null, "latitude": null, "longitude": null, "location": null, "created_at": "2023-07-29T00:43:50.180Z", "updated_at": "2023-08-07T00:42:53.558Z"}}, {"model": "accounts.userprofile", "pk": 13, "fields": {"user": 17, "profile_picture": "users/profile_pictures/5.JPG", "cover_photo": "users/cover_photos/cover-photo-5_ww4KPuj.PNG", "address": "Big Bear Lake, Bear Mountain Road, Big Bear, CA, USA", "country": "United States", "state": "California", "city": "Big Bear", "pin_code": "92314", "latitude": "34.2677628", "longitude": "-116.8607223", "location": "SRID=4326;POINT (-116.8607223 34.2677628)", "created_at": "2023-07-30T01:40:13.081Z", "updated_at": "2023-08-29T01:17:12.230Z"}}, {"model": "accounts.userprofile", "pk": 14, "fields": {"user": 18, "profile_picture": "users/profile_pictures/profile-picture-1.PNG", "cover_photo": "users/cover_photos/cover-photo-1.PNG", "address": "John Wooden Center, Bruin Walk, Los Angeles, CA, USA", "country": "United States", "state": "California", "city": "Los Angeles", "pin_code": "90095", "latitude": "34.0712267", "longitude": "-118.4457251", "location": "SRID=4326;POINT (-118.4457251 34.0712267)", "created_at": "2023-08-01T00:27:55.669Z", "updated_at": "2023-08-29T01:18:01.086Z"}}, {"model": "accounts.userprofile", "pk": 15, "fields": {"user": 19, "profile_picture": "users/profile_pictures/profile-picture-3.PNG", "cover_photo": "users/cover_photos/cover-photo-4.PNG", "address": "Yunnan Restaurant, East Las Tunas Drive, San Gabriel, CA, USA", "country": "United States", "state": "California", "city": "San Gabriel", "pin_code": "91776", "latitude": "34.1043094", "longitude": "-118.0868254", "location": "SRID=4326;POINT (-118.0868254 34.1043094)", "created_at": "2023-08-05T23:40:46.033Z", "updated_at": "2023-08-27T01:31:37.233Z"}}, {"model": "accounts.userprofile", "pk": 18, "fields": {"user": 22, "profile_picture": "users/profile_pictures/profile-picture-2.PNG", "cover_photo": "users/cover_photos/cover-photo-2.PNG", "address": "NORTHERN CAFE CHINESE HOT POT, Broxton Avenue, Los Angeles, CA, USA", "country": "United States", "state": "California", "city": "Los Angeles", "pin_code": null, "latitude": "34.0613368", "longitude": "-118.4464775", "location": "SRID=4326;POINT (-118.4464775 34.0613368)", "created_at": "2023-08-10T23:11:52.956Z", "updated_at": "2023-08-27T04:00:57.547Z"}}, {"model": "accounts.userprofile", "pk": 19, "fields": {"user": 23, "profile_picture": "users/profile_pictures/profile-picture-4.PNG", "cover_photo": "users/cover_photos/cover-photo-5.PNG", "address": "The Lobster, Ocean Avenue, Santa Monica, CA, USA", "country": "United States", "state": "California", "city": "Santa Monica", "pin_code": "90401", "latitude": "34.0110642", "longitude": "-118.4949955", "location": "SRID=4326;POINT (-118.4949955 34.0110642)", "created_at": "2023-08-10T23:13:13.955Z", "updated_at": "2023-08-15T23:38:35.705Z"}}, {"model": "vendor.vendor", "pk": 2, "fields": {"user": 18, "user_profile": 14, "vendor_name": "Chick-Fil-B", "vendor_slug": "chick-fil-b", "vendor_license": "vendor/license/6.JPG", "is_approved": true, "created_at": "2023-08-01T00:27:55.690Z", "updated_at": "2023-08-10T22:31:28.053Z"}}, {"model": "vendor.vendor", "pk": 3, "fields": {"user": 19, "user_profile": 15, "vendor_name": "Banda Express", "vendor_slug": "banda-express", "vendor_license": "vendor/license/4.JPG", "is_approved": true, "created_at": "2023-08-05T23:40:46.052Z", "updated_at": "2023-08-12T00:21:33.666Z"}}, {"model": "vendor.vendor", "pk": 6, "fields": {"user": 22, "user_profile": 18, "vendor_name": "Southern Cafe", "vendor_slug": "southern-cafe-22", "vendor_license": "vendor/license/2_SlzUR0u.JPG", "is_approved": true, "created_at": "2023-08-10T23:11:52.971Z", "updated_at": "2023-08-10T23:16:03.016Z"}}, {"model": "vendor.vendor", "pk": 7, "fields": {"user": 23, "user_profile": 19, "vendor_name": "Taco Pell", "vendor_slug": "taco-pell-23", "vendor_license": "vendor/license/3.JPG", "is_approved": true, "created_at": "2023-08-10T23:13:13.961Z", "updated_at": "2023-08-10T23:18:20.580Z"}}, {"model": "vendor.openinghour", "pk": 2, "fields": {"vendor": 3, "day": 2, "from_hour": "09:00 AM", "to_hour": "09:30 PM", "is_closed": false}}, {"model": "vendor.openinghour", "pk": 3, "fields": {"vendor": 3, "day": 3, "from_hour": "09:00 AM", "to_hour": "09:30 PM", "is_closed": false}}, {"model": "vendor.openinghour", "pk": 9, "fields": {"vendor": 3, "day": 1, "from_hour": "09:00 AM", "to_hour": "08:30 PM", "is_closed": false}}, {"model": "vendor.openinghour", "pk": 19, "fields": {"vendor": 3, "day": 4, "from_hour": "09:00 AM", "to_hour": "09:30 PM", "is_closed": false}}, {"model": "vendor.openinghour", "pk": 20, "fields": {"vendor": 3, "day": 5, "from_hour": "09:00 AM", "to_hour": "09:30 PM", "is_closed": false}}, {"model": "vendor.openinghour", "pk": 21, "fields": {"vendor": 3, "day": 6, "from_hour": "09:00 AM", "to_hour": "09:00 PM", "is_closed": false}}, {"model": "vendor.openinghour", "pk": 22, "fields": {"vendor": 3, "day": 7, "from_hour": "09:00 AM", "to_hour": "09:00 PM", "is_closed": false}}, {"model": "vendor.openinghour", "pk": 23, "fields": {"vendor": 2, "day": 6, "from_hour": "", "to_hour": "", "is_closed": true}}, {"model": "vendor.openinghour", "pk": 24, "fields": {"vendor": 2, "day": 7, "from_hour": "", "to_hour": "", "is_closed": true}}, {"model": "vendor.openinghour", "pk": 25, "fields": {"vendor": 2, "day": 1, "from_hour": "10:00 AM", "to_hour": "10:00 PM", "is_closed": false}}, {"model": "vendor.openinghour", "pk": 26, "fields": {"vendor": 2, "day": 2, "from_hour": "10:00 AM", "to_hour": "10:00 PM", "is_closed": false}}, {"model": "vendor.openinghour", "pk": 27, "fields": {"vendor": 2, "day": 3, "from_hour": "10:00 AM", "to_hour": "10:00 PM", "is_closed": false}}, {"model": "vendor.openinghour", "pk": 28, "fields": {"vendor": 2, "day": 4, "from_hour": "10:00 AM", "to_hour": "10:00 PM", "is_closed": false}}, {"model": "vendor.openinghour", "pk": 29, "fields": {"vendor": 2, "day": 5, "from_hour": "10:00 AM", "to_hour": "10:00 PM", "is_closed": false}}, {"model": "vendor.openinghour", "pk": 30, "fields": {"vendor": 6, "day": 1, "from_hour": "06:00 AM", "to_hour": "05:00 PM", "is_closed": false}}, {"model": "vendor.openinghour", "pk": 31, "fields": {"vendor": 6, "day": 2, "from_hour": "06:00 AM", "to_hour": "05:00 PM", "is_closed": false}}, {"model": "vendor.openinghour", "pk": 32, "fields": {"vendor": 6, "day": 3, "from_hour": "06:00 AM", "to_hour": "05:00 PM", "is_closed": false}}, {"model": "vendor.openinghour", "pk": 33, "fields": {"vendor": 6, "day": 4, "from_hour": "06:00 AM", "to_hour": "05:00 PM", "is_closed": false}}, {"model": "vendor.openinghour", "pk": 34, "fields": {"vendor": 6, "day": 5, "from_hour": "06:00 AM", "to_hour": "05:00 PM", "is_closed": false}}, {"model": "vendor.openinghour", "pk": 35, "fields": {"vendor": 6, "day": 6, "from_hour": "06:00 AM", "to_hour": "05:00 PM", "is_closed": false}}, {"model": "vendor.openinghour", "pk": 36, "fields": {"vendor": 6, "day": 7, "from_hour": "", "to_hour": "", "is_closed": true}}, {"model": "vendor.openinghour", "pk": 37, "fields": {"vendor": 7, "day": 1, "from_hour": "", "to_hour": "", "is_closed": true}}, {"model": "vendor.openinghour", "pk": 38, "fields": {"vendor": 7, "day": 2, "from_hour": "11:00 AM", "to_hour": "11:30 PM", "is_closed": false}}, {"model": "vendor.openinghour", "pk": 39, "fields": {"vendor": 7, "day": 3, "from_hour": "11:00 AM", "to_hour": "11:30 PM", "is_closed": false}}, {"model": "vendor.openinghour", "pk": 40, "fields": {"vendor": 7, "day": 4, "from_hour": "11:00 AM", "to_hour": "11:30 PM", "is_closed": false}}, {"model": "vendor.openinghour", "pk": 41, "fields": {"vendor": 7, "day": 5, "from_hour": "11:00 AM", "to_hour": "11:30 PM", "is_closed": false}}, {"model": "vendor.openinghour", "pk": 42, "fields": {"vendor": 7, "day": 6, "from_hour": "11:00 AM", "to_hour": "11:30 PM", "is_closed": false}}, {"model": "vendor.openinghour", "pk": 43, "fields": {"vendor": 7, "day": 7, "from_hour": "11:00 AM", "to_hour": "11:30 PM", "is_closed": false}}, {"model": "vendor.openinghour", "pk": 44, "fields": {"vendor": 7, "day": 2, "from_hour": "01:00 AM", "to_hour": "02:00 AM", "is_closed": false}}, {"model": "vendor.openinghour", "pk": 45, "fields": {"vendor": 7, "day": 3, "from_hour": "", "to_hour": "", "is_closed": true}}, {"model": "menu.category", "pk": 1, "fields": {"vendor": 2, "category_name": "Burgers", "slug": "burgers-1", "description": "juicy", "created_at": "2023-08-03T23:44:29.667Z", "updated_at": "2023-08-10T23:07:20.668Z"}}, {"model": "menu.category", "pk": 2, "fields": {"vendor": 2, "category_name": "Pizza", "slug": "pizza-2", "description": "", "created_at": "2023-08-03T23:46:17.664Z", "updated_at": "2023-08-10T23:07:23.879Z"}}, {"model": "menu.category", "pk": 4, "fields": {"vendor": 2, "category_name": "Chicken", "slug": "chicken-4", "description": "", "created_at": "2023-08-03T23:46:35.162Z", "updated_at": "2023-08-10T23:07:27.092Z"}}, {"model": "menu.category", "pk": 14, "fields": {"vendor": 3, "category_name": "Sea food", "slug": "sea-food-14", "description": "", "created_at": "2023-08-08T06:34:59.362Z", "updated_at": "2023-08-10T23:08:19.134Z"}}, {"model": "menu.category", "pk": 15, "fields": {"vendor": 3, "category_name": "Rice", "slug": "rice-15", "description": "rice", "created_at": "2023-08-08T06:35:45.862Z", "updated_at": "2023-08-10T23:08:22.579Z"}}, {"model": "menu.category", "pk": 16, "fields": {"vendor": 2, "category_name": "Sea food", "slug": "sea-food-16", "description": "sea", "created_at": "2023-08-08T06:58:15.822Z", "updated_at": "2023-08-10T23:07:41.115Z"}}, {"model": "menu.category", "pk": 19, "fields": {"vendor": 6, "category_name": "Rice", "slug": "rice-19", "description": "", "created_at": "2023-08-10T23:16:15.139Z", "updated_at": "2023-08-10T23:16:15.140Z"}}, {"model": "menu.category", "pk": 20, "fields": {"vendor": 6, "category_name": "Pizza", "slug": "pizza-20", "description": "", "created_at": "2023-08-10T23:16:48.359Z", "updated_at": "2023-08-10T23:16:48.360Z"}}, {"model": "menu.category", "pk": 21, "fields": {"vendor": 7, "category_name": "Chicken", "slug": "chicken-21", "description": "", "created_at": "2023-08-10T23:19:17.914Z", "updated_at": "2023-08-10T23:29:01.780Z"}}, {"model": "menu.category", "pk": 22, "fields": {"vendor": 7, "category_name": "Burger", "slug": "burger-22", "description": "", "created_at": "2023-08-10T23:20:16.279Z", "updated_at": "2023-08-10T23:29:06.940Z"}}, {"model": "menu.fooditem", "pk": 1, "fields": {"vendor": 2, "category": 1, "food_title": "Burger 1", "slug": "burger-1-1", "description": "", "price": "10.00", "image": "foodimages/burger-600x600.jpg", "is_available": true, "created_at": "2023-08-03T23:55:41.655Z", "updated_at": "2023-08-10T23:05:09.184Z"}}, {"model": "menu.fooditem", "pk": 2, "fields": {"vendor": 2, "category": 2, "food_title": "Italian Pizza", "slug": "italian-pizza-2", "description": "", "price": "12.00", "image": "foodimages/italian-pizza-600x600.jpg", "is_available": true, "created_at": "2023-08-03T23:57:53.944Z", "updated_at": "2023-08-10T23:05:21.228Z"}}, {"model": "menu.fooditem", "pk": 3, "fields": {"vendor": 2, "category": 2, "food_title": "Pizza 1", "slug": "pizza-1-3", "description": "", "price": "11.00", "image": "foodimages/pizza-600x600.jpg", "is_available": true, "created_at": "2023-08-03T23:58:16.688Z", "updated_at": "2023-08-10T23:05:24.928Z"}}, {"model": "menu.fooditem", "pk": 5, "fields": {"vendor": 2, "category": 4, "food_title": "Pan-Fried Chicken", "slug": "pan-fried-chicken-5", "description": "", "price": "15.00", "image": "foodimages/Pan-Fried-Chicken-600x600.jpg", "is_available": true, "created_at": "2023-08-03T23:59:18.237Z", "updated_at": "2023-08-10T23:06:22.054Z"}}, {"model": "menu.fooditem", "pk": 6, "fields": {"vendor": 2, "category": 4, "food_title": "Barbeque Chicken", "slug": "barbeque-chicken-6", "description": "", "price": "18.00", "image": "foodimages/chicken-barbeque.jpg", "is_available": true, "created_at": "2023-08-04T00:00:10.125Z", "updated_at": "2023-08-10T23:06:46.183Z"}}, {"model": "menu.fooditem", "pk": 9, "fields": {"vendor": 2, "category": 2, "food_title": "Veg Pizza", "slug": "veg-pizza-9", "description": "veg", "price": "10.00", "image": "foodimages/veg-pizza-600x600_zSJrilw.jpg", "is_available": true, "created_at": "2023-08-05T23:38:53.710Z", "updated_at": "2023-08-10T23:05:31.469Z"}}, {"model": "menu.fooditem", "pk": 14, "fields": {"vendor": 3, "category": 15, "food_title": "Steam Rice", "slug": "steam-rice-14", "description": "rice", "price": "2.00", "image": "foodimages/steam-rice_DTnJyt9.jpg", "is_available": true, "created_at": "2023-08-08T06:36:08.268Z", "updated_at": "2023-08-10T23:08:45.191Z"}}, {"model": "menu.fooditem", "pk": 15, "fields": {"vendor": 3, "category": 14, "food_title": "Tuna Fish", "slug": "tuna-fish-15", "description": "", "price": "30.00", "image": "foodimages/tuna-fish_mdgcEgm.jpg", "is_available": true, "created_at": "2023-08-08T06:36:29.018Z", "updated_at": "2023-08-10T23:08:38.243Z"}}, {"model": "menu.fooditem", "pk": 17, "fields": {"vendor": 2, "category": 16, "food_title": "Sea Food 1", "slug": "sea-food-1-17", "description": "", "price": "35.00", "image": "foodimages/seafood-600x600_L81qNNN.jpg", "is_available": true, "created_at": "2023-08-08T06:58:44.299Z", "updated_at": "2023-08-10T23:07:07.576Z"}}, {"model": "menu.fooditem", "pk": 21, "fields": {"vendor": 6, "category": 19, "food_title": "Rice Bowl", "slug": "rice-bowl-21", "description": "", "price": "1.50", "image": "foodimages/rice-bowl.jpg", "is_available": true, "created_at": "2023-08-10T23:16:37.957Z", "updated_at": "2023-08-10T23:16:37.961Z"}}, {"model": "menu.fooditem", "pk": 22, "fields": {"vendor": 6, "category": 20, "food_title": "Hawaiian Pizza", "slug": "hawaiian-pizza-22", "description": "", "price": "25.00", "image": "foodimages/pizza-600x600_RIbagyz.jpg", "is_available": true, "created_at": "2023-08-10T23:17:33.027Z", "updated_at": "2023-08-10T23:28:43.483Z"}}, {"model": "menu.fooditem", "pk": 23, "fields": {"vendor": 7, "category": 21, "food_title": "Grilled Chicken", "slug": "grilled-chicken-23", "description": "", "price": "15.00", "image": "foodimages/chicken-600x600_X2JRyOX.jpg", "is_available": true, "created_at": "2023-08-10T23:19:38.830Z", "updated_at": "2023-08-10T23:29:39.241Z"}}, {"model": "menu.fooditem", "pk": 24, "fields": {"vendor": 7, "category": 22, "food_title": "Beef Burger", "slug": "beef-burger-24", "description": "", "price": "10.00", "image": "foodimages/burger-600x600_ess17MS.jpg", "is_available": true, "created_at": "2023-08-10T23:20:56.468Z", "updated_at": "2023-08-10T23:29:20.848Z"}}, {"model": "marketplace.cart", "pk": 41, "fields": {"user": 23, "fooditem": 1, "quantity": 1, "created_at": "2023-08-16T01:01:28.487Z", "updated_at": "2023-08-16T01:01:28.487Z"}}, {"model": "marketplace.cart", "pk": 42, "fields": {"user": 23, "fooditem": 2, "quantity": 1, "created_at": "2023-08-16T01:01:29.931Z", "updated_at": "2023-08-16T01:01:29.931Z"}}, {"model": "marketplace.cart", "pk": 43, "fields": {"user": 23, "fooditem": 5, "quantity": 1, "created_at": "2023-08-16T01:01:31.189Z", "updated_at": "2023-08-16T01:01:31.189Z"}}, {"model": "marketplace.cart", "pk": 52, "fields": {"user": 17, "fooditem": 15, "quantity": 2, "created_at": "2023-08-27T00:15:41.689Z", "updated_at": "2023-08-27T00:15:42.274Z"}}, {"model": "marketplace.cart", "pk": 53, "fields": {"user": 18, "fooditem": 21, "quantity": 1, "created_at": "2023-08-27T00:43:03.501Z", "updated_at": "2023-08-27T00:43:03.501Z"}}, {"model": "marketplace.cart", "pk": 55, "fields": {"user": 18, "fooditem": 23, "quantity": 1, "created_at": "2023-08-27T00:43:10.815Z", "updated_at": "2023-08-27T00:43:10.815Z"}}, {"model": "marketplace.cart", "pk": 56, "fields": {"user": 18, "fooditem": 24, "quantity": 1, "created_at": "2023-08-27T00:43:11.901Z", "updated_at": "2023-08-27T00:43:11.901Z"}}, {"model": "marketplace.cart", "pk": 58, "fields": {"user": 17, "fooditem": 1, "quantity": 1, "created_at": "2023-08-27T03:59:19.770Z", "updated_at": "2023-08-27T03:59:19.770Z"}}, {"model": "marketplace.cart", "pk": 59, "fields": {"user": 17, "fooditem": 2, "quantity": 1, "created_at": "2023-08-27T03:59:20.955Z", "updated_at": "2023-08-27T03:59:20.955Z"}}, {"model": "marketplace.cart", "pk": 60, "fields": {"user": 17, "fooditem": 9, "quantity": 1, "created_at": "2023-08-27T03:59:21.572Z", "updated_at": "2023-08-27T03:59:21.572Z"}}, {"model": "marketplace.cart", "pk": 61, "fields": {"user": 17, "fooditem": 6, "quantity": 1, "created_at": "2023-08-27T03:59:23.124Z", "updated_at": "2023-08-27T03:59:23.124Z"}}, {"model": "marketplace.cart", "pk": 62, "fields": {"user": 17, "fooditem": 14, "quantity": 1, "created_at": "2023-08-27T03:59:36.634Z", "updated_at": "2023-08-27T03:59:36.634Z"}}, {"model": "marketplace.tax", "pk": 1, "fields": {"tax_type": "Los Angeles Sales Tax", "tax_rate": "2.25", "is_active": true}}, {"model": "marketplace.tax", "pk": 2, "fields": {"tax_type": "CA Sales Tax", "tax_rate": "7.25", "is_active": true}}, {"model": "order.payment", "pk": 1, "fields": {"user": 17, "transaction_id": "8U635815FT192383M", "payment_method": "PayPal", "amount": "137.98", "status": "COMPLETED", "created_at": "2023-08-20T23:35:35.539Z"}}, {"model": "order.payment", "pk": 2, "fields": {"user": 17, "transaction_id": "532548512B154631W", "payment_method": "PayPal", "amount": "162.06", "status": "COMPLETED", "created_at": "2023-08-20T23:46:18.330Z"}}, {"model": "order.payment", "pk": 3, "fields": {"user": 17, "transaction_id": "4YT26522DY724073E", "payment_method": "PayPal", "amount": "183.96", "status": "COMPLETED", "created_at": "2023-08-21T00:06:10.743Z"}}, {"model": "order.payment", "pk": 4, "fields": {"user": 17, "transaction_id": "0JT17214UE1140017", "payment_method": "PayPal", "amount": "183.96", "status": "COMPLETED", "created_at": "2023-08-21T00:19:36.042Z"}}, {"model": "order.payment", "pk": 5, "fields": {"user": 17, "transaction_id": "00A9248699389004D", "payment_method": "PayPal", "amount": "183.96", "status": "COMPLETED", "created_at": "2023-08-21T00:20:24.886Z"}}, {"model": "order.payment", "pk": 6, "fields": {"user": 17, "transaction_id": "0A1792278E5990431", "payment_method": "PayPal", "amount": "183.96", "status": "COMPLETED", "created_at": "2023-08-21T00:22:58.463Z"}}, {"model": "order.payment", "pk": 7, "fields": {"user": 17, "transaction_id": "9B453461X3858925B", "payment_method": "PayPal", "amount": "181.78", "status": "COMPLETED", "created_at": "2023-08-21T00:35:27.852Z"}}, {"model": "order.payment", "pk": 8, "fields": {"user": 17, "transaction_id": "9SF34652X67318836", "payment_method": "PayPal", "amount": "181.78", "status": "COMPLETED", "created_at": "2023-08-21T00:43:30.946Z"}}, {"model": "order.payment", "pk": 9, "fields": {"user": 17, "transaction_id": "1DL74650A3228652F", "payment_method": "PayPal", "amount": "127.02", "status": "COMPLETED", "created_at": "2023-08-21T01:07:52.407Z"}}, {"model": "order.payment", "pk": 10, "fields": {"user": 17, "transaction_id": "4SG63647YL043781M", "payment_method": "PayPal", "amount": "87.6", "status": "COMPLETED", "created_at": "2023-08-21T01:19:35.386Z"}}, {"model": "order.payment", "pk": 11, "fields": {"user": 17, "transaction_id": "2UM948704P009682Y", "payment_method": "PayPal", "amount": "87.6", "status": "COMPLETED", "created_at": "2023-08-21T01:20:25.606Z"}}, {"model": "order.payment", "pk": 12, "fields": {"user": 17, "transaction_id": "8XN25232UY4484707", "payment_method": "PayPal", "amount": "87.6", "status": "COMPLETED", "created_at": "2023-08-27T00:13:59.588Z"}}, {"model": "order.payment", "pk": 13, "fields": {"user": 17, "transaction_id": "3W821794S6031081W", "payment_method": "PayPal", "amount": "91.98", "status": "COMPLETED", "created_at": "2023-08-27T00:14:44.171Z"}}, {"model": "order.payment", "pk": 14, "fields": {"user": 17, "transaction_id": "2DT29606TL3117401", "payment_method": "PayPal", "amount": "98.54", "status": "COMPLETED", "created_at": "2023-08-27T00:15:18.115Z"}}, {"model": "order.payment", "pk": 15, "fields": {"user": 17, "transaction_id": "35U2406041473181E", "payment_method": "PayPal", "amount": "136.87", "status": "COMPLETED", "created_at": "2023-08-27T00:15:57.995Z"}}, {"model": "order.payment", "pk": 16, "fields": {"user": 18, "transaction_id": "1N171249DW3003536", "payment_method": "PayPal", "amount": "29.02", "status": "COMPLETED", "created_at": "2023-08-27T00:43:52.868Z"}}, {"model": "order.payment", "pk": 17, "fields": {"user": 17, "transaction_id": "1PT96834FV508521R", "payment_method": "PayPal", "amount": "136.87", "status": "COMPLETED", "created_at": "2023-08-27T01:30:40.443Z"}}, {"model": "order.payment", "pk": 18, "fields": {"user": 17, "transaction_id": "3DT33495KW0483549", "payment_method": "PayPal", "amount": "255.13", "status": "COMPLETED", "created_at": "2023-08-27T03:59:56.021Z"}}, {"model": "order.payment", "pk": 19, "fields": {"user": 17, "transaction_id": "5BC05645J60542133", "payment_method": "PayPal", "amount": "255.13", "status": "COMPLETED", "created_at": "2023-08-28T23:59:12.685Z"}}, {"model": "order.payment", "pk": 20, "fields": {"user": 17, "transaction_id": "12U64394U5400882R", "payment_method": "PayPal", "amount": "255.13", "status": "COMPLETED", "created_at": "2023-08-29T00:08:33.268Z"}}, {"model": "order.payment", "pk": 21, "fields": {"user": 17, "transaction_id": "3F843980NS7718614", "payment_method": "PayPal", "amount": "255.13", "status": "COMPLETED", "created_at": "2023-08-29T00:11:18.811Z"}}, {"model": "order.payment", "pk": 22, "fields": {"user": 17, "transaction_id": "08606719FT788623T", "payment_method": "PayPal", "amount": "255.13", "status": "COMPLETED", "created_at": "2023-08-29T00:13:26.764Z"}}, {"model": "order.payment", "pk": 23, "fields": {"user": 17, "transaction_id": "4XW19760RT5685105", "payment_method": "PayPal", "amount": "255.13", "status": "COMPLETED", "created_at": "2023-08-29T00:15:56.066Z"}}, {"model": "order.payment", "pk": 24, "fields": {"user": 17, "transaction_id": "5F1343009A568822T", "payment_method": "PayPal", "amount": "122.64", "status": "COMPLETED", "created_at": "2023-08-29T00:29:47.070Z"}}, {"model": "order.payment", "pk": 25, "fields": {"user": 17, "transaction_id": "1BJ42051M45849521", "payment_method": "PayPal", "amount": "122.64", "status": "COMPLETED", "created_at": "2023-08-29T00:31:50.880Z"}}, {"model": "order.payment", "pk": 26, "fields": {"user": 17, "transaction_id": "11C39153LH8355504", "payment_method": "PayPal", "amount": "122.64", "status": "COMPLETED", "created_at": "2023-08-29T00:35:12.376Z"}}, {"model": "order.payment", "pk": 27, "fields": {"user": 17, "transaction_id": "1L553658T25079315", "payment_method": "PayPal", "amount": "122.64", "status": "COMPLETED", "created_at": "2023-08-29T00:37:54.534Z"}}, {"model": "order.order", "pk": 33, "fields": {"user": 17, "payment": 17, "order_number": "2023082701301633", "first_name": "emmfioa", "last_name": "nfifnj", "phone": "1234567890", "email": "toriz62@outlook.com", "address": "Big Bear Lake, Bear Mountain Road, Big Bear, CA, USA", "country": "United States", "state": "California", "city": "Big Bear", "pin_code": "92314", "total": 136.87, "tax_data": "{\"CA Sales Tax\": {\"slug\": \"ca-sales-tax\", \"rate\": 7.25, \"amount\": 9.06}, \"Los Angeles Sales Tax\": {\"slug\": \"los-angeles-sales-tax\", \"rate\": 2.25, \"amount\": 2.81}}", "total_data": "{\"6\": {\"25.00\": {\"CA Sales Tax\": {\"slug\": \"ca-sales-tax\", \"rate\": 7.25, \"amount\": 1.81}, \"Los Angeles Sales Tax\": {\"slug\": \"los-angeles-sales-tax\", \"rate\": 2.25, \"amount\": 0.56}}}, \"7\": {\"40.00\": {\"CA Sales Tax\": {\"slug\": \"ca-sales-tax\", \"rate\": 7.25, \"amount\": 2.90}, \"Los Angeles Sales Tax\": {\"slug\": \"los-angeles-sales-tax\", \"rate\": 2.25, \"amount\": 0.90}}}, \"3\": {\"60.00\": {\"CA Sales Tax\": {\"slug\": \"ca-sales-tax\", \"rate\": 7.25, \"amount\": 4.35}, \"Los Angeles Sales Tax\": {\"slug\": \"los-angeles-sales-tax\", \"rate\": 2.25, \"amount\": 1.35}}}}", "total_tax": 11.87, "payment_method": "PayPal", "status": "New", "is_ordered": true, "created_at": "2023-08-27T01:30:16.519Z", "updated_at": "2023-08-27T01:30:40.445Z", "vendors": [3, 6, 7]}}, {"model": "order.order", "pk": 34, "fields": {"user": 17, "payment": 18, "order_number": "2023082703594234", "first_name": "emmfioa", "last_name": "nfifnj", "phone": "1234567890", "email": "toriz62@outlook.com", "address": "Big Bear Lake, Bear Mountain Road, Big Bear, CA, USA", "country": "United States", "state": "California", "city": "Big Bear", "pin_code": "92314", "total": 255.13, "tax_data": "{\"CA Sales Tax\": {\"slug\": \"ca-sales-tax\", \"rate\": 7.25, \"amount\": 16.89}, \"Los Angeles Sales Tax\": {\"slug\": \"los-angeles-sales-tax\", \"rate\": 2.25, \"amount\": 5.24}}", "total_data": "{\"6\": {\"81.00\": {\"CA Sales Tax\": {\"slug\": \"ca-sales-tax\", \"rate\": 7.25, \"amount\": 5.87}, \"Los Angeles Sales Tax\": {\"slug\": \"los-angeles-sales-tax\", \"rate\": 2.25, \"amount\": 1.82}}}, \"7\": {\"40.00\": {\"CA Sales Tax\": {\"slug\": \"ca-sales-tax\", \"rate\": 7.25, \"amount\": 2.90}, \"Los Angeles Sales Tax\": {\"slug\": \"los-angeles-sales-tax\", \"rate\": 2.25, \"amount\": 0.90}}}, \"3\": {\"62.00\": {\"CA Sales Tax\": {\"slug\": \"ca-sales-tax\", \"rate\": 7.25, \"amount\": 4.50}, \"Los Angeles Sales Tax\": {\"slug\": \"los-angeles-sales-tax\", \"rate\": 2.25, \"amount\": 1.40}}}, \"2\": {\"50.00\": {\"CA Sales Tax\": {\"slug\": \"ca-sales-tax\", \"rate\": 7.25, \"amount\": 3.62}, \"Los Angeles Sales Tax\": {\"slug\": \"los-angeles-sales-tax\", \"rate\": 2.25, \"amount\": 1.12}}}}", "total_tax": 22.13, "payment_method": "PayPal", "status": "New", "is_ordered": true, "created_at": "2023-08-27T03:59:42.881Z", "updated_at": "2023-08-27T03:59:56.024Z", "vendors": [2, 3, 6, 7]}}, {"model": "order.order", "pk": 35, "fields": {"user": 17, "payment": null, "order_number": "2023082823563235", "first_name": "emmfioa", "last_name": "nfifnj", "phone": "1234567890", "email": "toriz62@outlook.com", "address": "Big Bear Lake, Bear Mountain Road, Big Bear, CA, USA", "country": "United States", "state": "California", "city": "Big Bear", "pin_code": "92314", "total": 255.13, "tax_data": "{\"CA Sales Tax\": {\"slug\": \"ca-sales-tax\", \"rate\": 7.25, \"amount\": 16.89}, \"Los Angeles Sales Tax\": {\"slug\": \"los-angeles-sales-tax\", \"rate\": 2.25, \"amount\": 5.24}}", "total_data": "{\"6\": {\"81.00\": {\"CA Sales Tax\": {\"slug\": \"ca-sales-tax\", \"rate\": 7.25, \"amount\": 5.87}, \"Los Angeles Sales Tax\": {\"slug\": \"los-angeles-sales-tax\", \"rate\": 2.25, \"amount\": 1.82}}}, \"7\": {\"40.00\": {\"CA Sales Tax\": {\"slug\": \"ca-sales-tax\", \"rate\": 7.25, \"amount\": 2.90}, \"Los Angeles Sales Tax\": {\"slug\": \"los-angeles-sales-tax\", \"rate\": 2.25, \"amount\": 0.90}}}, \"3\": {\"62.00\": {\"CA Sales Tax\": {\"slug\": \"ca-sales-tax\", \"rate\": 7.25, \"amount\": 4.50}, \"Los Angeles Sales Tax\": {\"slug\": \"los-angeles-sales-tax\", \"rate\": 2.25, \"amount\": 1.40}}}, \"2\": {\"50.00\": {\"CA Sales Tax\": {\"slug\": \"ca-sales-tax\", \"rate\": 7.25, \"amount\": 3.62}, \"Los Angeles Sales Tax\": {\"slug\": \"los-angeles-sales-tax\", \"rate\": 2.25, \"amount\": 1.12}}}}", "total_tax": 22.13, "payment_method": "PayPal", "status": "New", "is_ordered": false, "created_at": "2023-08-28T23:56:32.338Z", "updated_at": "2023-08-28T23:56:32.350Z", "vendors": [2, 3, 6, 7]}}, {"model": "order.order", "pk": 36, "fields": {"user": 17, "payment": 19, "order_number": "2023082823584936", "first_name": "emmfioa", "last_name": "nfifnj", "phone": "1234567890", "email": "toriz62@outlook.com", "address": "Big Bear Lake, Bear Mountain Road, Big Bear, CA, USA", "country": "United States", "state": "California", "city": "Big Bear", "pin_code": "92314", "total": 255.13, "tax_data": "{\"CA Sales Tax\": {\"slug\": \"ca-sales-tax\", \"rate\": 7.25, \"amount\": 16.89}, \"Los Angeles Sales Tax\": {\"slug\": \"los-angeles-sales-tax\", \"rate\": 2.25, \"amount\": 5.24}}", "total_data": "{\"6\": {\"81.00\": {\"CA Sales Tax\": {\"slug\": \"ca-sales-tax\", \"rate\": 7.25, \"amount\": 5.87}, \"Los Angeles Sales Tax\": {\"slug\": \"los-angeles-sales-tax\", \"rate\": 2.25, \"amount\": 1.82}}}, \"7\": {\"40.00\": {\"CA Sales Tax\": {\"slug\": \"ca-sales-tax\", \"rate\": 7.25, \"amount\": 2.90}, \"Los Angeles Sales Tax\": {\"slug\": \"los-angeles-sales-tax\", \"rate\": 2.25, \"amount\": 0.90}}}, \"3\": {\"62.00\": {\"CA Sales Tax\": {\"slug\": \"ca-sales-tax\", \"rate\": 7.25, \"amount\": 4.50}, \"Los Angeles Sales Tax\": {\"slug\": \"los-angeles-sales-tax\", \"rate\": 2.25, \"amount\": 1.40}}}, \"2\": {\"50.00\": {\"CA Sales Tax\": {\"slug\": \"ca-sales-tax\", \"rate\": 7.25, \"amount\": 3.62}, \"Los Angeles Sales Tax\": {\"slug\": \"los-angeles-sales-tax\", \"rate\": 2.25, \"amount\": 1.12}}}}", "total_tax": 22.13, "payment_method": "PayPal", "status": "New", "is_ordered": true, "created_at": "2023-08-28T23:58:49.880Z", "updated_at": "2023-08-28T23:59:12.686Z", "vendors": [2, 3, 6, 7]}}, {"model": "order.order", "pk": 37, "fields": {"user": 17, "payment": 20, "order_number": "2023082900082337", "first_name": "emmfioa", "last_name": "nfifnj", "phone": "1234567890", "email": "toriz62@outlook.com", "address": "Big Bear Lake, Bear Mountain Road, Big Bear, CA, USA", "country": "United States", "state": "California", "city": "Big Bear", "pin_code": "92314", "total": 255.13, "tax_data": "{\"CA Sales Tax\": {\"slug\": \"ca-sales-tax\", \"rate\": 7.25, \"amount\": 16.89}, \"Los Angeles Sales Tax\": {\"slug\": \"los-angeles-sales-tax\", \"rate\": 2.25, \"amount\": 5.24}}", "total_data": "{\"6\": {\"81.00\": {\"CA Sales Tax\": {\"slug\": \"ca-sales-tax\", \"rate\": 7.25, \"amount\": 5.87}, \"Los Angeles Sales Tax\": {\"slug\": \"los-angeles-sales-tax\", \"rate\": 2.25, \"amount\": 1.82}}}, \"7\": {\"40.00\": {\"CA Sales Tax\": {\"slug\": \"ca-sales-tax\", \"rate\": 7.25, \"amount\": 2.90}, \"Los Angeles Sales Tax\": {\"slug\": \"los-angeles-sales-tax\", \"rate\": 2.25, \"amount\": 0.90}}}, \"3\": {\"62.00\": {\"CA Sales Tax\": {\"slug\": \"ca-sales-tax\", \"rate\": 7.25, \"amount\": 4.50}, \"Los Angeles Sales Tax\": {\"slug\": \"los-angeles-sales-tax\", \"rate\": 2.25, \"amount\": 1.40}}}, \"2\": {\"50.00\": {\"CA Sales Tax\": {\"slug\": \"ca-sales-tax\", \"rate\": 7.25, \"amount\": 3.62}, \"Los Angeles Sales Tax\": {\"slug\": \"los-angeles-sales-tax\", \"rate\": 2.25, \"amount\": 1.12}}}}", "total_tax": 22.13, "payment_method": "RazorPay", "status": "New", "is_ordered": true, "created_at": "2023-08-29T00:08:23.176Z", "updated_at": "2023-08-29T00:08:33.270Z", "vendors": [2, 3, 6, 7]}}, {"model": "order.order", "pk": 38, "fields": {"user": 17, "payment": 21, "order_number": "2023082900110938", "first_name": "emmfioa", "last_name": "nfifnj", "phone": "1234567890", "email": "toriz62@outlook.com", "address": "Big Bear Lake, Bear Mountain Road, Big Bear, CA, USA", "country": "United States", "state": "California", "city": "Big Bear", "pin_code": "92314", "total": 255.13, "tax_data": "{\"CA Sales Tax\": {\"slug\": \"ca-sales-tax\", \"rate\": 7.25, \"amount\": 16.89}, \"Los Angeles Sales Tax\": {\"slug\": \"los-angeles-sales-tax\", \"rate\": 2.25, \"amount\": 5.24}}", "total_data": "{\"6\": {\"81.00\": {\"CA Sales Tax\": {\"slug\": \"ca-sales-tax\", \"rate\": 7.25, \"amount\": 5.87}, \"Los Angeles Sales Tax\": {\"slug\": \"los-angeles-sales-tax\", \"rate\": 2.25, \"amount\": 1.82}}}, \"7\": {\"40.00\": {\"CA Sales Tax\": {\"slug\": \"ca-sales-tax\", \"rate\": 7.25, \"amount\": 2.90}, \"Los Angeles Sales Tax\": {\"slug\": \"los-angeles-sales-tax\", \"rate\": 2.25, \"amount\": 0.90}}}, \"3\": {\"62.00\": {\"CA Sales Tax\": {\"slug\": \"ca-sales-tax\", \"rate\": 7.25, \"amount\": 4.50}, \"Los Angeles Sales Tax\": {\"slug\": \"los-angeles-sales-tax\", \"rate\": 2.25, \"amount\": 1.40}}}, \"2\": {\"50.00\": {\"CA Sales Tax\": {\"slug\": \"ca-sales-tax\", \"rate\": 7.25, \"amount\": 3.62}, \"Los Angeles Sales Tax\": {\"slug\": \"los-angeles-sales-tax\", \"rate\": 2.25, \"amount\": 1.12}}}}", "total_tax": 22.13, "payment_method": "PayPal", "status": "New", "is_ordered": true, "created_at": "2023-08-29T00:11:09.591Z", "updated_at": "2023-08-29T00:11:18.813Z", "vendors": [2, 3, 6, 7]}}, {"model": "order.order", "pk": 39, "fields": {"user": 17, "payment": 22, "order_number": "2023082900131639", "first_name": "emmfioa", "last_name": "nfifnj", "phone": "1234567890", "email": "toriz62@outlook.com", "address": "Big Bear Lake, Bear Mountain Road, Big Bear, CA, USA", "country": "United States", "state": "California", "city": "Big Bear", "pin_code": "92314", "total": 255.13, "tax_data": "{\"CA Sales Tax\": {\"slug\": \"ca-sales-tax\", \"rate\": 7.25, \"amount\": 16.89}, \"Los Angeles Sales Tax\": {\"slug\": \"los-angeles-sales-tax\", \"rate\": 2.25, \"amount\": 5.24}}", "total_data": "{\"6\": {\"81.00\": {\"CA Sales Tax\": {\"slug\": \"ca-sales-tax\", \"rate\": 7.25, \"amount\": 5.87}, \"Los Angeles Sales Tax\": {\"slug\": \"los-angeles-sales-tax\", \"rate\": 2.25, \"amount\": 1.82}}}, \"7\": {\"40.00\": {\"CA Sales Tax\": {\"slug\": \"ca-sales-tax\", \"rate\": 7.25, \"amount\": 2.90}, \"Los Angeles Sales Tax\": {\"slug\": \"los-angeles-sales-tax\", \"rate\": 2.25, \"amount\": 0.90}}}, \"3\": {\"62.00\": {\"CA Sales Tax\": {\"slug\": \"ca-sales-tax\", \"rate\": 7.25, \"amount\": 4.50}, \"Los Angeles Sales Tax\": {\"slug\": \"los-angeles-sales-tax\", \"rate\": 2.25, \"amount\": 1.40}}}, \"2\": {\"50.00\": {\"CA Sales Tax\": {\"slug\": \"ca-sales-tax\", \"rate\": 7.25, \"amount\": 3.62}, \"Los Angeles Sales Tax\": {\"slug\": \"los-angeles-sales-tax\", \"rate\": 2.25, \"amount\": 1.12}}}}", "total_tax": 22.13, "payment_method": "PayPal", "status": "New", "is_ordered": true, "created_at": "2023-08-29T00:13:16.675Z", "updated_at": "2023-08-29T00:13:26.766Z", "vendors": [2, 3, 6, 7]}}, {"model": "order.order", "pk": 40, "fields": {"user": 17, "payment": 23, "order_number": "2023082900154140", "first_name": "emmfioa", "last_name": "nfifnj", "phone": "1234567890", "email": "toriz62@outlook.com", "address": "Big Bear Lake, Bear Mountain Road, Big Bear, CA, USA", "country": "United States", "state": "California", "city": "Big Bear", "pin_code": "92314", "total": 255.13, "tax_data": "{\"CA Sales Tax\": {\"slug\": \"ca-sales-tax\", \"rate\": 7.25, \"amount\": 16.89}, \"Los Angeles Sales Tax\": {\"slug\": \"los-angeles-sales-tax\", \"rate\": 2.25, \"amount\": 5.24}}", "total_data": "{\"6\": {\"81.00\": {\"CA Sales Tax\": {\"slug\": \"ca-sales-tax\", \"rate\": 7.25, \"amount\": 5.87}, \"Los Angeles Sales Tax\": {\"slug\": \"los-angeles-sales-tax\", \"rate\": 2.25, \"amount\": 1.82}}}, \"7\": {\"40.00\": {\"CA Sales Tax\": {\"slug\": \"ca-sales-tax\", \"rate\": 7.25, \"amount\": 2.90}, \"Los Angeles Sales Tax\": {\"slug\": \"los-angeles-sales-tax\", \"rate\": 2.25, \"amount\": 0.90}}}, \"3\": {\"62.00\": {\"CA Sales Tax\": {\"slug\": \"ca-sales-tax\", \"rate\": 7.25, \"amount\": 4.50}, \"Los Angeles Sales Tax\": {\"slug\": \"los-angeles-sales-tax\", \"rate\": 2.25, \"amount\": 1.40}}}, \"2\": {\"50.00\": {\"CA Sales Tax\": {\"slug\": \"ca-sales-tax\", \"rate\": 7.25, \"amount\": 3.62}, \"Los Angeles Sales Tax\": {\"slug\": \"los-angeles-sales-tax\", \"rate\": 2.25, \"amount\": 1.12}}}}", "total_tax": 22.13, "payment_method": "PayPal", "status": "New", "is_ordered": true, "created_at": "2023-08-29T00:15:41.728Z", "updated_at": "2023-08-29T00:15:56.068Z", "vendors": [2, 3, 6, 7]}}, {"model": "order.order", "pk": 41, "fields": {"user": 17, "payment": 24, "order_number": "2023082900293741", "first_name": "emmfioa", "last_name": "nfifnj", "phone": "1234567890", "email": "toriz62@outlook.com", "address": "Big Bear Lake, Bear Mountain Road, Big Bear, CA, USA", "country": "United States", "state": "California", "city": "Big Bear", "pin_code": "92314", "total": 122.64, "tax_data": "{\"CA Sales Tax\": {\"slug\": \"ca-sales-tax\", \"rate\": 7.25, \"amount\": 8.12}, \"Los Angeles Sales Tax\": {\"slug\": \"los-angeles-sales-tax\", \"rate\": 2.25, \"amount\": 2.52}}", "total_data": "{\"3\": {\"62.00\": {\"CA Sales Tax\": {\"slug\": \"ca-sales-tax\", \"rate\": 7.25, \"amount\": 4.50}, \"Los Angeles Sales Tax\": {\"slug\": \"los-angeles-sales-tax\", \"rate\": 2.25, \"amount\": 1.40}}}, \"2\": {\"50.00\": {\"CA Sales Tax\": {\"slug\": \"ca-sales-tax\", \"rate\": 7.25, \"amount\": 3.62}, \"Los Angeles Sales Tax\": {\"slug\": \"los-angeles-sales-tax\", \"rate\": 2.25, \"amount\": 1.12}}}}", "total_tax": 10.64, "payment_method": "RazorPay", "status": "New", "is_ordered": true, "created_at": "2023-08-29T00:29:37.724Z", "updated_at": "2023-08-29T00:29:47.073Z", "vendors": [2, 3]}}, {"model": "order.order", "pk": 42, "fields": {"user": 17, "payment": 25, "order_number": "2023082900313842", "first_name": "emmfioa", "last_name": "nfifnj", "phone": "1234567890", "email": "toriz62@outlook.com", "address": "Big Bear Lake, Bear Mountain Road, Big Bear, CA, USA", "country": "United States", "state": "California", "city": "Big Bear", "pin_code": "92314", "total": 122.64, "tax_data": "{\"CA Sales Tax\": {\"slug\": \"ca-sales-tax\", \"rate\": 7.25, \"amount\": 8.12}, \"Los Angeles Sales Tax\": {\"slug\": \"los-angeles-sales-tax\", \"rate\": 2.25, \"amount\": 2.52}}", "total_data": "{\"3\": {\"62.00\": {\"CA Sales Tax\": {\"slug\": \"ca-sales-tax\", \"rate\": 7.25, \"amount\": 4.50}, \"Los Angeles Sales Tax\": {\"slug\": \"los-angeles-sales-tax\", \"rate\": 2.25, \"amount\": 1.40}}}, \"2\": {\"50.00\": {\"CA Sales Tax\": {\"slug\": \"ca-sales-tax\", \"rate\": 7.25, \"amount\": 3.62}, \"Los Angeles Sales Tax\": {\"slug\": \"los-angeles-sales-tax\", \"rate\": 2.25, \"amount\": 1.12}}}}", "total_tax": 10.64, "payment_method": "RazorPay", "status": "New", "is_ordered": true, "created_at": "2023-08-29T00:31:38.243Z", "updated_at": "2023-08-29T00:31:50.887Z", "vendors": [2, 3]}}, {"model": "order.order", "pk": 43, "fields": {"user": 17, "payment": 26, "order_number": "2023082900350143", "first_name": "emmfioa", "last_name": "nfifnj", "phone": "1234567890", "email": "toriz62@outlook.com", "address": "Big Bear Lake, Bear Mountain Road, Big Bear, CA, USA", "country": "United States", "state": "California", "city": "Big Bear", "pin_code": "92314", "total": 122.64, "tax_data": "{\"CA Sales Tax\": {\"slug\": \"ca-sales-tax\", \"rate\": 7.25, \"amount\": 8.12}, \"Los Angeles Sales Tax\": {\"slug\": \"los-angeles-sales-tax\", \"rate\": 2.25, \"amount\": 2.52}}", "total_data": "{\"3\": {\"62.00\": {\"CA Sales Tax\": {\"slug\": \"ca-sales-tax\", \"rate\": 7.25, \"amount\": 4.50}, \"Los Angeles Sales Tax\": {\"slug\": \"los-angeles-sales-tax\", \"rate\": 2.25, \"amount\": 1.40}}}, \"2\": {\"50.00\": {\"CA Sales Tax\": {\"slug\": \"ca-sales-tax\", \"rate\": 7.25, \"amount\": 3.62}, \"Los Angeles Sales Tax\": {\"slug\": \"los-angeles-sales-tax\", \"rate\": 2.25, \"amount\": 1.12}}}}", "total_tax": 10.64, "payment_method": "PayPal", "status": "New", "is_ordered": true, "created_at": "2023-08-29T00:35:01.217Z", "updated_at": "2023-08-29T00:35:12.378Z", "vendors": [2, 3]}}, {"model": "order.order", "pk": 44, "fields": {"user": 17, "payment": 27, "order_number": "2023082900374444", "first_name": "emmfioa", "last_name": "nfifnj", "phone": "1234567890", "email": "toriz62@outlook.com", "address": "Big Bear Lake, Bear Mountain Road, Big Bear, CA, USA", "country": "United States", "state": "California", "city": "Big Bear", "pin_code": "92314", "total": 122.64, "tax_data": "{\"CA Sales Tax\": {\"slug\": \"ca-sales-tax\", \"rate\": 7.25, \"amount\": 8.12}, \"Los Angeles Sales Tax\": {\"slug\": \"los-angeles-sales-tax\", \"rate\": 2.25, \"amount\": 2.52}}", "total_data": "{\"3\": {\"62.00\": {\"CA Sales Tax\": {\"slug\": \"ca-sales-tax\", \"rate\": 7.25, \"amount\": 4.50}, \"Los Angeles Sales Tax\": {\"slug\": \"los-angeles-sales-tax\", \"rate\": 2.25, \"amount\": 1.40}}}, \"2\": {\"50.00\": {\"CA Sales Tax\": {\"slug\": \"ca-sales-tax\", \"rate\": 7.25, \"amount\": 3.62}, \"Los Angeles Sales Tax\": {\"slug\": \"los-angeles-sales-tax\", \"rate\": 2.25, \"amount\": 1.12}}}}", "total_tax": 10.64, "payment_method": "RazorPay", "status": "New", "is_ordered": true, "created_at": "2023-08-29T00:37:44.666Z", "updated_at": "2023-08-29T00:37:54.536Z", "vendors": [2, 3]}}, {"model": "order.orderedfood", "pk": 64, "fields": {"order": 33, "payment": 17, "user": 17, "fooditem": 22, "quantity": 1, "price": 25.0, "amount": 25.0, "created_at": "2023-08-27T01:30:40.450Z", "updated_at": "2023-08-27T01:30:40.450Z"}}, {"model": "order.orderedfood", "pk": 65, "fields": {"order": 33, "payment": 17, "user": 17, "fooditem": 23, "quantity": 2, "price": 15.0, "amount": 30.0, "created_at": "2023-08-27T01:30:40.453Z", "updated_at": "2023-08-27T01:30:40.453Z"}}, {"model": "order.orderedfood", "pk": 66, "fields": {"order": 33, "payment": 17, "user": 17, "fooditem": 24, "quantity": 1, "price": 10.0, "amount": 10.0, "created_at": "2023-08-27T01:30:40.456Z", "updated_at": "2023-08-27T01:30:40.456Z"}}, {"model": "order.orderedfood", "pk": 67, "fields": {"order": 33, "payment": 17, "user": 17, "fooditem": 15, "quantity": 2, "price": 30.0, "amount": 60.0, "created_at": "2023-08-27T01:30:40.457Z", "updated_at": "2023-08-27T01:30:40.457Z"}}, {"model": "order.orderedfood", "pk": 68, "fields": {"order": 34, "payment": 18, "user": 17, "fooditem": 23, "quantity": 2, "price": 15.0, "amount": 30.0, "created_at": "2023-08-27T03:59:56.032Z", "updated_at": "2023-08-27T03:59:56.032Z"}}, {"model": "order.orderedfood", "pk": 69, "fields": {"order": 34, "payment": 18, "user": 17, "fooditem": 24, "quantity": 1, "price": 10.0, "amount": 10.0, "created_at": "2023-08-27T03:59:56.035Z", "updated_at": "2023-08-27T03:59:56.035Z"}}, {"model": "order.orderedfood", "pk": 70, "fields": {"order": 34, "payment": 18, "user": 17, "fooditem": 15, "quantity": 2, "price": 30.0, "amount": 60.0, "created_at": "2023-08-27T03:59:56.036Z", "updated_at": "2023-08-27T03:59:56.037Z"}}, {"model": "order.orderedfood", "pk": 71, "fields": {"order": 34, "payment": 18, "user": 17, "fooditem": 22, "quantity": 3, "price": 25.0, "amount": 75.0, "created_at": "2023-08-27T03:59:56.038Z", "updated_at": "2023-08-27T03:59:56.038Z"}}, {"model": "order.orderedfood", "pk": 72, "fields": {"order": 34, "payment": 18, "user": 17, "fooditem": 21, "quantity": 4, "price": 1.5, "amount": 6.0, "created_at": "2023-08-27T03:59:56.040Z", "updated_at": "2023-08-27T03:59:56.040Z"}}, {"model": "order.orderedfood", "pk": 73, "fields": {"order": 34, "payment": 18, "user": 17, "fooditem": 1, "quantity": 1, "price": 10.0, "amount": 10.0, "created_at": "2023-08-27T03:59:56.042Z", "updated_at": "2023-08-27T03:59:56.042Z"}}, {"model": "order.orderedfood", "pk": 74, "fields": {"order": 34, "payment": 18, "user": 17, "fooditem": 2, "quantity": 1, "price": 12.0, "amount": 12.0, "created_at": "2023-08-27T03:59:56.044Z", "updated_at": "2023-08-27T03:59:56.044Z"}}, {"model": "order.orderedfood", "pk": 75, "fields": {"order": 34, "payment": 18, "user": 17, "fooditem": 9, "quantity": 1, "price": 10.0, "amount": 10.0, "created_at": "2023-08-27T03:59:56.046Z", "updated_at": "2023-08-27T03:59:56.046Z"}}, {"model": "order.orderedfood", "pk": 76, "fields": {"order": 34, "payment": 18, "user": 17, "fooditem": 6, "quantity": 1, "price": 18.0, "amount": 18.0, "created_at": "2023-08-27T03:59:56.047Z", "updated_at": "2023-08-27T03:59:56.047Z"}}, {"model": "order.orderedfood", "pk": 77, "fields": {"order": 34, "payment": 18, "user": 17, "fooditem": 14, "quantity": 1, "price": 2.0, "amount": 2.0, "created_at": "2023-08-27T03:59:56.049Z", "updated_at": "2023-08-27T03:59:56.049Z"}}, {"model": "order.orderedfood", "pk": 78, "fields": {"order": 36, "payment": 19, "user": 17, "fooditem": 23, "quantity": 2, "price": 15.0, "amount": 30.0, "created_at": "2023-08-28T23:59:12.693Z", "updated_at": "2023-08-28T23:59:12.693Z"}}, {"model": "order.orderedfood", "pk": 79, "fields": {"order": 36, "payment": 19, "user": 17, "fooditem": 24, "quantity": 1, "price": 10.0, "amount": 10.0, "created_at": "2023-08-28T23:59:12.698Z", "updated_at": "2023-08-28T23:59:12.698Z"}}, {"model": "order.orderedfood", "pk": 80, "fields": {"order": 36, "payment": 19, "user": 17, "fooditem": 15, "quantity": 2, "price": 30.0, "amount": 60.0, "created_at": "2023-08-28T23:59:12.700Z", "updated_at": "2023-08-28T23:59:12.700Z"}}, {"model": "order.orderedfood", "pk": 81, "fields": {"order": 36, "payment": 19, "user": 17, "fooditem": 22, "quantity": 3, "price": 25.0, "amount": 75.0, "created_at": "2023-08-28T23:59:12.701Z", "updated_at": "2023-08-28T23:59:12.701Z"}}, {"model": "order.orderedfood", "pk": 82, "fields": {"order": 36, "payment": 19, "user": 17, "fooditem": 21, "quantity": 4, "price": 1.5, "amount": 6.0, "created_at": "2023-08-28T23:59:12.703Z", "updated_at": "2023-08-28T23:59:12.703Z"}}, {"model": "order.orderedfood", "pk": 83, "fields": {"order": 36, "payment": 19, "user": 17, "fooditem": 1, "quantity": 1, "price": 10.0, "amount": 10.0, "created_at": "2023-08-28T23:59:12.706Z", "updated_at": "2023-08-28T23:59:12.706Z"}}, {"model": "order.orderedfood", "pk": 84, "fields": {"order": 36, "payment": 19, "user": 17, "fooditem": 2, "quantity": 1, "price": 12.0, "amount": 12.0, "created_at": "2023-08-28T23:59:12.709Z", "updated_at": "2023-08-28T23:59:12.709Z"}}, {"model": "order.orderedfood", "pk": 85, "fields": {"order": 36, "payment": 19, "user": 17, "fooditem": 9, "quantity": 1, "price": 10.0, "amount": 10.0, "created_at": "2023-08-28T23:59:12.711Z", "updated_at": "2023-08-28T23:59:12.711Z"}}, {"model": "order.orderedfood", "pk": 86, "fields": {"order": 36, "payment": 19, "user": 17, "fooditem": 6, "quantity": 1, "price": 18.0, "amount": 18.0, "created_at": "2023-08-28T23:59:12.716Z", "updated_at": "2023-08-28T23:59:12.716Z"}}, {"model": "order.orderedfood", "pk": 87, "fields": {"order": 36, "payment": 19, "user": 17, "fooditem": 14, "quantity": 1, "price": 2.0, "amount": 2.0, "created_at": "2023-08-28T23:59:12.719Z", "updated_at": "2023-08-28T23:59:12.719Z"}}, {"model": "order.orderedfood", "pk": 88, "fields": {"order": 37, "payment": 20, "user": 17, "fooditem": 23, "quantity": 2, "price": 15.0, "amount": 30.0, "created_at": "2023-08-29T00:08:33.279Z", "updated_at": "2023-08-29T00:08:33.279Z"}}, {"model": "order.orderedfood", "pk": 89, "fields": {"order": 37, "payment": 20, "user": 17, "fooditem": 24, "quantity": 1, "price": 10.0, "amount": 10.0, "created_at": "2023-08-29T00:08:33.282Z", "updated_at": "2023-08-29T00:08:33.282Z"}}, {"model": "order.orderedfood", "pk": 90, "fields": {"order": 37, "payment": 20, "user": 17, "fooditem": 15, "quantity": 2, "price": 30.0, "amount": 60.0, "created_at": "2023-08-29T00:08:33.284Z", "updated_at": "2023-08-29T00:08:33.284Z"}}, {"model": "order.orderedfood", "pk": 91, "fields": {"order": 37, "payment": 20, "user": 17, "fooditem": 22, "quantity": 3, "price": 25.0, "amount": 75.0, "created_at": "2023-08-29T00:08:33.287Z", "updated_at": "2023-08-29T00:08:33.287Z"}}, {"model": "order.orderedfood", "pk": 92, "fields": {"order": 37, "payment": 20, "user": 17, "fooditem": 21, "quantity": 4, "price": 1.5, "amount": 6.0, "created_at": "2023-08-29T00:08:33.295Z", "updated_at": "2023-08-29T00:08:33.295Z"}}, {"model": "order.orderedfood", "pk": 93, "fields": {"order": 37, "payment": 20, "user": 17, "fooditem": 1, "quantity": 1, "price": 10.0, "amount": 10.0, "created_at": "2023-08-29T00:08:33.315Z", "updated_at": "2023-08-29T00:08:33.315Z"}}, {"model": "order.orderedfood", "pk": 94, "fields": {"order": 37, "payment": 20, "user": 17, "fooditem": 2, "quantity": 1, "price": 12.0, "amount": 12.0, "created_at": "2023-08-29T00:08:33.318Z", "updated_at": "2023-08-29T00:08:33.318Z"}}, {"model": "order.orderedfood", "pk": 95, "fields": {"order": 37, "payment": 20, "user": 17, "fooditem": 9, "quantity": 1, "price": 10.0, "amount": 10.0, "created_at": "2023-08-29T00:08:33.327Z", "updated_at": "2023-08-29T00:08:33.327Z"}}, {"model": "order.orderedfood", "pk": 96, "fields": {"order": 37, "payment": 20, "user": 17, "fooditem": 6, "quantity": 1, "price": 18.0, "amount": 18.0, "created_at": "2023-08-29T00:08:33.330Z", "updated_at": "2023-08-29T00:08:33.330Z"}}, {"model": "order.orderedfood", "pk": 97, "fields": {"order": 37, "payment": 20, "user": 17, "fooditem": 14, "quantity": 1, "price": 2.0, "amount": 2.0, "created_at": "2023-08-29T00:08:33.332Z", "updated_at": "2023-08-29T00:08:33.332Z"}}, {"model": "order.orderedfood", "pk": 98, "fields": {"order": 38, "payment": 21, "user": 17, "fooditem": 23, "quantity": 2, "price": 15.0, "amount": 30.0, "created_at": "2023-08-29T00:11:18.823Z", "updated_at": "2023-08-29T00:11:18.823Z"}}, {"model": "order.orderedfood", "pk": 99, "fields": {"order": 38, "payment": 21, "user": 17, "fooditem": 24, "quantity": 1, "price": 10.0, "amount": 10.0, "created_at": "2023-08-29T00:11:18.827Z", "updated_at": "2023-08-29T00:11:18.827Z"}}, {"model": "order.orderedfood", "pk": 100, "fields": {"order": 38, "payment": 21, "user": 17, "fooditem": 15, "quantity": 2, "price": 30.0, "amount": 60.0, "created_at": "2023-08-29T00:11:18.829Z", "updated_at": "2023-08-29T00:11:18.829Z"}}, {"model": "order.orderedfood", "pk": 101, "fields": {"order": 38, "payment": 21, "user": 17, "fooditem": 22, "quantity": 3, "price": 25.0, "amount": 75.0, "created_at": "2023-08-29T00:11:18.831Z", "updated_at": "2023-08-29T00:11:18.831Z"}}, {"model": "order.orderedfood", "pk": 102, "fields": {"order": 38, "payment": 21, "user": 17, "fooditem": 21, "quantity": 4, "price": 1.5, "amount": 6.0, "created_at": "2023-08-29T00:11:18.833Z", "updated_at": "2023-08-29T00:11:18.833Z"}}, {"model": "order.orderedfood", "pk": 103, "fields": {"order": 38, "payment": 21, "user": 17, "fooditem": 1, "quantity": 1, "price": 10.0, "amount": 10.0, "created_at": "2023-08-29T00:11:18.835Z", "updated_at": "2023-08-29T00:11:18.835Z"}}, {"model": "order.orderedfood", "pk": 104, "fields": {"order": 38, "payment": 21, "user": 17, "fooditem": 2, "quantity": 1, "price": 12.0, "amount": 12.0, "created_at": "2023-08-29T00:11:18.836Z", "updated_at": "2023-08-29T00:11:18.836Z"}}, {"model": "order.orderedfood", "pk": 105, "fields": {"order": 38, "payment": 21, "user": 17, "fooditem": 9, "quantity": 1, "price": 10.0, "amount": 10.0, "created_at": "2023-08-29T00:11:18.838Z", "updated_at": "2023-08-29T00:11:18.838Z"}}, {"model": "order.orderedfood", "pk": 106, "fields": {"order": 38, "payment": 21, "user": 17, "fooditem": 6, "quantity": 1, "price": 18.0, "amount": 18.0, "created_at": "2023-08-29T00:11:18.840Z", "updated_at": "2023-08-29T00:11:18.840Z"}}, {"model": "order.orderedfood", "pk": 107, "fields": {"order": 38, "payment": 21, "user": 17, "fooditem": 14, "quantity": 1, "price": 2.0, "amount": 2.0, "created_at": "2023-08-29T00:11:18.842Z", "updated_at": "2023-08-29T00:11:18.842Z"}}, {"model": "order.orderedfood", "pk": 108, "fields": {"order": 39, "payment": 22, "user": 17, "fooditem": 23, "quantity": 2, "price": 15.0, "amount": 30.0, "created_at": "2023-08-29T00:13:26.772Z", "updated_at": "2023-08-29T00:13:26.772Z"}}, {"model": "order.orderedfood", "pk": 109, "fields": {"order": 39, "payment": 22, "user": 17, "fooditem": 24, "quantity": 1, "price": 10.0, "amount": 10.0, "created_at": "2023-08-29T00:13:26.780Z", "updated_at": "2023-08-29T00:13:26.780Z"}}, {"model": "order.orderedfood", "pk": 110, "fields": {"order": 39, "payment": 22, "user": 17, "fooditem": 15, "quantity": 2, "price": 30.0, "amount": 60.0, "created_at": "2023-08-29T00:13:26.782Z", "updated_at": "2023-08-29T00:13:26.782Z"}}, {"model": "order.orderedfood", "pk": 111, "fields": {"order": 39, "payment": 22, "user": 17, "fooditem": 22, "quantity": 3, "price": 25.0, "amount": 75.0, "created_at": "2023-08-29T00:13:26.784Z", "updated_at": "2023-08-29T00:13:26.784Z"}}, {"model": "order.orderedfood", "pk": 112, "fields": {"order": 39, "payment": 22, "user": 17, "fooditem": 21, "quantity": 4, "price": 1.5, "amount": 6.0, "created_at": "2023-08-29T00:13:26.786Z", "updated_at": "2023-08-29T00:13:26.786Z"}}, {"model": "order.orderedfood", "pk": 113, "fields": {"order": 39, "payment": 22, "user": 17, "fooditem": 1, "quantity": 1, "price": 10.0, "amount": 10.0, "created_at": "2023-08-29T00:13:26.787Z", "updated_at": "2023-08-29T00:13:26.787Z"}}, {"model": "order.orderedfood", "pk": 114, "fields": {"order": 39, "payment": 22, "user": 17, "fooditem": 2, "quantity": 1, "price": 12.0, "amount": 12.0, "created_at": "2023-08-29T00:13:26.790Z", "updated_at": "2023-08-29T00:13:26.790Z"}}, {"model": "order.orderedfood", "pk": 115, "fields": {"order": 39, "payment": 22, "user": 17, "fooditem": 9, "quantity": 1, "price": 10.0, "amount": 10.0, "created_at": "2023-08-29T00:13:26.792Z", "updated_at": "2023-08-29T00:13:26.792Z"}}, {"model": "order.orderedfood", "pk": 116, "fields": {"order": 39, "payment": 22, "user": 17, "fooditem": 6, "quantity": 1, "price": 18.0, "amount": 18.0, "created_at": "2023-08-29T00:13:26.794Z", "updated_at": "2023-08-29T00:13:26.794Z"}}, {"model": "order.orderedfood", "pk": 117, "fields": {"order": 39, "payment": 22, "user": 17, "fooditem": 14, "quantity": 1, "price": 2.0, "amount": 2.0, "created_at": "2023-08-29T00:13:26.795Z", "updated_at": "2023-08-29T00:13:26.796Z"}}, {"model": "order.orderedfood", "pk": 118, "fields": {"order": 40, "payment": 23, "user": 17, "fooditem": 23, "quantity": 2, "price": 15.0, "amount": 30.0, "created_at": "2023-08-29T00:15:56.075Z", "updated_at": "2023-08-29T00:15:56.075Z"}}, {"model": "order.orderedfood", "pk": 119, "fields": {"order": 40, "payment": 23, "user": 17, "fooditem": 24, "quantity": 1, "price": 10.0, "amount": 10.0, "created_at": "2023-08-29T00:15:56.078Z", "updated_at": "2023-08-29T00:15:56.078Z"}}, {"model": "order.orderedfood", "pk": 120, "fields": {"order": 40, "payment": 23, "user": 17, "fooditem": 15, "quantity": 2, "price": 30.0, "amount": 60.0, "created_at": "2023-08-29T00:15:56.080Z", "updated_at": "2023-08-29T00:15:56.080Z"}}, {"model": "order.orderedfood", "pk": 121, "fields": {"order": 40, "payment": 23, "user": 17, "fooditem": 22, "quantity": 3, "price": 25.0, "amount": 75.0, "created_at": "2023-08-29T00:15:56.081Z", "updated_at": "2023-08-29T00:15:56.081Z"}}, {"model": "order.orderedfood", "pk": 122, "fields": {"order": 40, "payment": 23, "user": 17, "fooditem": 21, "quantity": 4, "price": 1.5, "amount": 6.0, "created_at": "2023-08-29T00:15:56.083Z", "updated_at": "2023-08-29T00:15:56.083Z"}}, {"model": "order.orderedfood", "pk": 123, "fields": {"order": 40, "payment": 23, "user": 17, "fooditem": 1, "quantity": 1, "price": 10.0, "amount": 10.0, "created_at": "2023-08-29T00:15:56.085Z", "updated_at": "2023-08-29T00:15:56.085Z"}}, {"model": "order.orderedfood", "pk": 124, "fields": {"order": 40, "payment": 23, "user": 17, "fooditem": 2, "quantity": 1, "price": 12.0, "amount": 12.0, "created_at": "2023-08-29T00:15:56.087Z", "updated_at": "2023-08-29T00:15:56.087Z"}}, {"model": "order.orderedfood", "pk": 125, "fields": {"order": 40, "payment": 23, "user": 17, "fooditem": 9, "quantity": 1, "price": 10.0, "amount": 10.0, "created_at": "2023-08-29T00:15:56.089Z", "updated_at": "2023-08-29T00:15:56.089Z"}}, {"model": "order.orderedfood", "pk": 126, "fields": {"order": 40, "payment": 23, "user": 17, "fooditem": 6, "quantity": 1, "price": 18.0, "amount": 18.0, "created_at": "2023-08-29T00:15:56.091Z", "updated_at": "2023-08-29T00:15:56.091Z"}}, {"model": "order.orderedfood", "pk": 127, "fields": {"order": 40, "payment": 23, "user": 17, "fooditem": 14, "quantity": 1, "price": 2.0, "amount": 2.0, "created_at": "2023-08-29T00:15:56.092Z", "updated_at": "2023-08-29T00:15:56.092Z"}}, {"model": "order.orderedfood", "pk": 128, "fields": {"order": 41, "payment": 24, "user": 17, "fooditem": 15, "quantity": 2, "price": 30.0, "amount": 60.0, "created_at": "2023-08-29T00:29:47.080Z", "updated_at": "2023-08-29T00:29:47.080Z"}}, {"model": "order.orderedfood", "pk": 129, "fields": {"order": 41, "payment": 24, "user": 17, "fooditem": 1, "quantity": 1, "price": 10.0, "amount": 10.0, "created_at": "2023-08-29T00:29:47.084Z", "updated_at": "2023-08-29T00:29:47.084Z"}}, {"model": "order.orderedfood", "pk": 130, "fields": {"order": 41, "payment": 24, "user": 17, "fooditem": 2, "quantity": 1, "price": 12.0, "amount": 12.0, "created_at": "2023-08-29T00:29:47.086Z", "updated_at": "2023-08-29T00:29:47.086Z"}}, {"model": "order.orderedfood", "pk": 131, "fields": {"order": 41, "payment": 24, "user": 17, "fooditem": 9, "quantity": 1, "price": 10.0, "amount": 10.0, "created_at": "2023-08-29T00:29:47.089Z", "updated_at": "2023-08-29T00:29:47.089Z"}}, {"model": "order.orderedfood", "pk": 132, "fields": {"order": 41, "payment": 24, "user": 17, "fooditem": 6, "quantity": 1, "price": 18.0, "amount": 18.0, "created_at": "2023-08-29T00:29:47.091Z", "updated_at": "2023-08-29T00:29:47.091Z"}}, {"model": "order.orderedfood", "pk": 133, "fields": {"order": 41, "payment": 24, "user": 17, "fooditem": 14, "quantity": 1, "price": 2.0, "amount": 2.0, "created_at": "2023-08-29T00:29:47.093Z", "updated_at": "2023-08-29T00:29:47.093Z"}}, {"model": "order.orderedfood", "pk": 134, "fields": {"order": 42, "payment": 25, "user": 17, "fooditem": 15, "quantity": 2, "price": 30.0, "amount": 60.0, "created_at": "2023-08-29T00:31:50.892Z", "updated_at": "2023-08-29T00:31:50.892Z"}}, {"model": "order.orderedfood", "pk": 135, "fields": {"order": 42, "payment": 25, "user": 17, "fooditem": 1, "quantity": 1, "price": 10.0, "amount": 10.0, "created_at": "2023-08-29T00:31:50.896Z", "updated_at": "2023-08-29T00:31:50.896Z"}}, {"model": "order.orderedfood", "pk": 136, "fields": {"order": 42, "payment": 25, "user": 17, "fooditem": 2, "quantity": 1, "price": 12.0, "amount": 12.0, "created_at": "2023-08-29T00:31:50.898Z", "updated_at": "2023-08-29T00:31:50.898Z"}}, {"model": "order.orderedfood", "pk": 137, "fields": {"order": 42, "payment": 25, "user": 17, "fooditem": 9, "quantity": 1, "price": 10.0, "amount": 10.0, "created_at": "2023-08-29T00:31:50.900Z", "updated_at": "2023-08-29T00:31:50.900Z"}}, {"model": "order.orderedfood", "pk": 138, "fields": {"order": 42, "payment": 25, "user": 17, "fooditem": 6, "quantity": 1, "price": 18.0, "amount": 18.0, "created_at": "2023-08-29T00:31:50.903Z", "updated_at": "2023-08-29T00:31:50.903Z"}}, {"model": "order.orderedfood", "pk": 139, "fields": {"order": 42, "payment": 25, "user": 17, "fooditem": 14, "quantity": 1, "price": 2.0, "amount": 2.0, "created_at": "2023-08-29T00:31:50.905Z", "updated_at": "2023-08-29T00:31:50.905Z"}}, {"model": "order.orderedfood", "pk": 140, "fields": {"order": 43, "payment": 26, "user": 17, "fooditem": 15, "quantity": 2, "price": 30.0, "amount": 60.0, "created_at": "2023-08-29T00:35:12.386Z", "updated_at": "2023-08-29T00:35:12.386Z"}}, {"model": "order.orderedfood", "pk": 141, "fields": {"order": 43, "payment": 26, "user": 17, "fooditem": 1, "quantity": 1, "price": 10.0, "amount": 10.0, "created_at": "2023-08-29T00:35:12.394Z", "updated_at": "2023-08-29T00:35:12.394Z"}}, {"model": "order.orderedfood", "pk": 142, "fields": {"order": 43, "payment": 26, "user": 17, "fooditem": 2, "quantity": 1, "price": 12.0, "amount": 12.0, "created_at": "2023-08-29T00:35:12.398Z", "updated_at": "2023-08-29T00:35:12.398Z"}}, {"model": "order.orderedfood", "pk": 143, "fields": {"order": 43, "payment": 26, "user": 17, "fooditem": 9, "quantity": 1, "price": 10.0, "amount": 10.0, "created_at": "2023-08-29T00:35:12.405Z", "updated_at": "2023-08-29T00:35:12.405Z"}}, {"model": "order.orderedfood", "pk": 144, "fields": {"order": 43, "payment": 26, "user": 17, "fooditem": 6, "quantity": 1, "price": 18.0, "amount": 18.0, "created_at": "2023-08-29T00:35:12.407Z", "updated_at": "2023-08-29T00:35:12.407Z"}}, {"model": "order.orderedfood", "pk": 145, "fields": {"order": 43, "payment": 26, "user": 17, "fooditem": 14, "quantity": 1, "price": 2.0, "amount": 2.0, "created_at": "2023-08-29T00:35:12.410Z", "updated_at": "2023-08-29T00:35:12.410Z"}}, {"model": "order.orderedfood", "pk": 146, "fields": {"order": 44, "payment": 27, "user": 17, "fooditem": 15, "quantity": 2, "price": 30.0, "amount": 60.0, "created_at": "2023-08-29T00:37:54.547Z", "updated_at": "2023-08-29T00:37:54.547Z"}}, {"model": "order.orderedfood", "pk": 147, "fields": {"order": 44, "payment": 27, "user": 17, "fooditem": 1, "quantity": 1, "price": 10.0, "amount": 10.0, "created_at": "2023-08-29T00:37:54.551Z", "updated_at": "2023-08-29T00:37:54.551Z"}}, {"model": "order.orderedfood", "pk": 148, "fields": {"order": 44, "payment": 27, "user": 17, "fooditem": 2, "quantity": 1, "price": 12.0, "amount": 12.0, "created_at": "2023-08-29T00:37:54.554Z", "updated_at": "2023-08-29T00:37:54.554Z"}}, {"model": "order.orderedfood", "pk": 149, "fields": {"order": 44, "payment": 27, "user": 17, "fooditem": 9, "quantity": 1, "price": 10.0, "amount": 10.0, "created_at": "2023-08-29T00:37:54.557Z", "updated_at": "2023-08-29T00:37:54.557Z"}}, {"model": "order.orderedfood", "pk": 150, "fields": {"order": 44, "payment": 27, "user": 17, "fooditem": 6, "quantity": 1, "price": 18.0, "amount": 18.0, "created_at": "2023-08-29T00:37:54.559Z", "updated_at": "2023-08-29T00:37:54.559Z"}}, {"model": "order.orderedfood", "pk": 151, "fields": {"order": 44, "payment": 27, "user": 17, "fooditem": 14, "quantity": 1, "price": 2.0, "amount": 2.0, "created_at": "2023-08-29T00:37:54.565Z", "updated_at": "2023-08-29T00:37:54.565Z"}}]